Date,1 Mo,2 Mo,3 Mo,4 Mo,6 Mo,1 Yr,2 Yr,3 Yr,5 Yr,7 Yr,10 Yr,20 Yr,30 Yr
3/29/23,4.34,4.5,4.8,4.91,4.92,4.59,4.08,3.87,3.67,3.62,3.57,3.91,3.78
3/28/23,4.24,4.39,4.8,4.86,4.9,4.55,4.02,3.84,3.63,3.6,3.55,3.9,3.77
3/27/23,4.22,4.47,4.91,4.9,4.86,4.51,3.94,3.79,3.59,3.57,3.53,3.9,3.77
3/24/23,4.28,4.48,4.74,4.78,4.76,4.32,3.76,3.58,3.41,3.4,3.38,3.77,3.64
3/23/23,4.26,4.48,4.73,4.84,4.8,4.38,3.76,3.57,3.39,3.39,3.38,3.78,3.66
3/22/23,4.16,4.56,4.79,4.91,4.95,4.56,3.96,3.76,3.54,3.53,3.48,3.83,3.68
3/21/23,4.07,4.5,4.78,4.89,4.96,4.68,4.17,3.98,3.73,3.68,3.59,3.9,3.73
3/20/23,4.34,4.56,4.81,4.84,4.8,4.34,3.92,3.77,3.56,3.55,3.47,3.83,3.65
3/17/23,4.31,4.51,4.52,4.79,4.71,4.26,3.81,3.68,3.44,3.45,3.39,3.76,3.6
3/16/23,4.22,4.66,4.74,4.92,4.94,4.49,4.14,3.99,3.72,3.67,3.56,3.87,3.71
3/15/23,4.23,4.56,4.75,4.85,4.73,4.19,3.93,3.83,3.59,3.57,3.51,3.82,3.7
3/14/23,4.47,4.77,4.88,4.95,4.93,4.45,4.2,4.05,3.78,3.74,3.64,3.91,3.77
3/13/23,4.62,4.81,4.87,4.87,4.81,4.3,4.03,3.88,3.68,3.65,3.55,3.85,3.7
3/10/23,4.81,4.91,5.01,5.08,5.17,4.9,4.6,4.31,3.96,3.86,3.7,3.9,3.7
3/9/23,4.83,4.96,5.05,5.19,5.32,5.18,4.9,4.56,4.22,4.1,3.93,4.09,3.88
3/8/23,4.77,4.88,5.06,5.21,5.34,5.25,5.05,4.71,4.34,4.19,3.98,4.11,3.88
3/7/23,4.8,4.88,5.04,5.12,5.32,5.22,5,4.66,4.31,4.17,3.97,4.11,3.88
3/6/23,4.75,4.79,4.93,5.02,5.22,5.05,4.89,4.61,4.27,4.16,3.98,4.14,3.92
3/3/23,4.75,4.79,4.91,5.01,5.18,5.03,4.86,4.6,4.26,4.15,3.97,4.12,3.9
3/2/23,4.75,4.8,4.91,5.02,5.18,5.04,4.89,4.63,4.32,4.24,4.08,4.24,4.03
3/1/23,4.67,4.82,4.9,5.02,5.2,5.06,4.89,4.61,4.27,4.17,4.01,4.17,3.97
2/28/23,4.65,4.81,4.88,5,5.17,5.02,4.81,4.51,4.18,4.07,3.92,4.1,3.93
2/27/23,4.67,4.83,4.89,5.02,5.18,5.03,4.78,4.49,4.17,4.08,3.92,4.11,3.93
2/24/23,4.68,4.83,4.86,5.02,5.06,5.05,4.78,4.52,4.19,4.1,3.95,4.11,3.93
2/23/23,4.66,4.83,4.84,5,5.05,5.03,4.66,4.4,4.09,4.02,3.88,4.04,3.88
2/22/23,4.62,4.81,4.84,5,5.08,5.07,4.66,4.43,4.13,4.07,3.93,4.09,3.94
2/21/23,4.63,4.83,4.86,4.98,5.07,5.07,4.67,4.44,4.16,4.08,3.95,4.12,3.98
2/17/23,4.64,4.81,4.84,4.95,4.99,5,4.6,4.33,4.03,3.95,3.82,4.01,3.88
2/16/23,4.66,4.8,4.84,4.95,4.98,4.99,4.62,4.35,4.06,3.98,3.86,4.05,3.92
2/15/23,4.64,4.79,4.79,4.94,4.97,4.96,4.62,4.35,4.04,3.94,3.81,3.97,3.85
2/14/23,4.63,4.78,4.8,4.91,4.98,4.99,4.6,4.32,4,3.9,3.77,3.94,3.81
2/13/23,4.66,4.78,4.81,4.9,4.99,4.91,4.52,4.22,3.93,3.84,3.72,3.92,3.79
2/10/23,4.66,4.77,4.79,4.89,4.89,4.89,4.5,4.19,3.93,3.86,3.74,3.96,3.83
2/9/23,4.66,4.77,4.77,4.87,4.9,4.88,4.48,4.15,3.87,3.79,3.67,3.9,3.75
2/8/23,4.64,4.69,4.72,4.85,4.88,4.87,4.45,4.08,3.82,3.75,3.63,3.86,3.7
2/7/23,4.62,4.68,4.71,4.8,4.89,4.88,4.47,4.11,3.85,3.78,3.67,3.87,3.72
2/6/23,4.61,4.67,4.71,4.81,4.89,4.85,4.44,4.1,3.81,3.73,3.63,3.82,3.67
2/3/23,4.61,4.67,4.7,4.8,4.82,4.79,4.3,3.96,3.67,3.61,3.53,3.77,3.63
2/2/23,4.62,4.65,4.66,4.75,4.76,4.64,4.09,3.75,3.49,3.44,3.4,3.67,3.55
2/1/23,4.59,4.63,4.66,4.77,4.79,4.66,4.09,3.75,3.48,3.43,3.39,3.67,3.55
1/31/23,4.58,4.64,4.7,4.74,4.8,4.68,4.21,3.9,3.63,3.59,3.52,3.78,3.65
1/30/23,4.6,4.64,4.72,4.76,4.82,4.71,4.25,3.96,3.68,3.62,3.55,3.79,3.66
1/27/23,4.61,4.64,4.73,4.76,4.81,4.68,4.19,3.9,3.62,3.58,3.52,3.77,3.64
1/26/23,4.61,4.65,4.71,4.76,4.79,4.68,4.17,3.88,3.58,3.54,3.49,3.75,3.62
1/25/23,4.67,4.65,4.72,4.75,4.79,4.67,4.11,3.84,3.54,3.51,3.46,3.74,3.62
1/24/23,4.7,4.67,4.72,4.75,4.84,4.7,4.12,3.86,3.58,3.52,3.46,3.73,3.62
1/23/23,4.69,4.65,4.73,4.76,4.82,4.7,4.21,3.88,3.61,3.56,3.52,3.8,3.69
1/20/23,4.69,4.64,4.72,4.75,4.8,4.68,4.14,3.83,3.56,3.51,3.48,3.77,3.66
1/19/23,4.69,4.66,4.71,4.74,4.79,4.65,4.09,3.76,3.48,3.43,3.39,3.69,3.57
1/18/23,4.59,4.62,4.69,4.74,4.79,4.63,4.06,3.72,3.43,3.4,3.37,3.65,3.54
1/17/23,4.6,4.63,4.71,4.74,4.82,4.67,4.18,3.86,3.6,3.57,3.53,3.81,3.64
1/13/23,4.58,4.59,4.67,4.73,4.77,4.69,4.22,3.88,3.6,3.55,3.49,3.79,3.61
1/12/23,4.57,4.59,4.66,4.74,4.76,4.66,4.12,3.79,3.53,3.48,3.43,3.73,3.56
1/11/23,4.42,4.62,4.72,4.82,4.84,4.73,4.2,3.9,3.66,3.61,3.54,3.84,3.67
1/10/23,4.41,4.62,4.73,4.77,4.85,4.74,4.24,3.94,3.72,3.67,3.61,3.91,3.74
1/9/23,4.37,4.58,4.7,4.74,4.83,4.69,4.19,3.93,3.66,3.6,3.53,3.83,3.66
1/6/23,4.32,4.55,4.67,4.74,4.79,4.71,4.24,3.96,3.69,3.63,3.55,3.84,3.67
1/5/23,4.3,4.55,4.66,4.75,4.81,4.78,4.45,4.18,3.9,3.82,3.71,3.96,3.78
1/4/23,4.2,4.42,4.55,4.69,4.77,4.71,4.36,4.11,3.85,3.79,3.69,3.97,3.81
1/3/23,4.17,4.42,4.53,4.7,4.77,4.72,4.4,4.18,3.94,3.89,3.79,4.06,3.88
12/30/22,4.12,4.41,4.42,4.69,4.76,4.73,4.41,4.22,3.99,3.96,3.88,4.14,3.97
12/29/22,4.04,4.39,4.45,4.66,4.73,4.71,4.34,4.16,3.94,3.91,3.83,4.09,3.92
12/28/22,3.86,4.33,4.46,4.66,4.75,4.71,4.31,4.18,3.97,3.97,3.88,4.13,3.98
12/27/22,3.87,4.32,4.46,4.66,4.76,4.75,4.32,4.17,3.94,3.93,3.84,4.1,3.93
12/23/22,3.8,4.2,4.34,4.59,4.67,4.66,4.31,4.09,3.86,3.83,3.75,3.99,3.82
12/22/22,3.8,4.2,4.35,4.57,4.66,4.64,4.24,4.02,3.79,3.77,3.67,3.91,3.73
12/21/22,3.9,4.23,4.33,4.57,4.67,4.6,4.21,4,3.78,3.77,3.68,3.93,3.74
12/20/22,3.89,4.23,4.35,4.55,4.7,4.64,4.25,4.03,3.79,3.78,3.69,3.94,3.74
12/19/22,3.95,4.24,4.37,4.57,4.71,4.64,4.25,3.99,3.7,3.67,3.57,3.82,3.62
12/16/22,3.94,4.22,4.31,4.54,4.68,4.61,4.17,3.91,3.61,3.58,3.48,3.73,3.53
12/15/22,3.95,4.24,4.34,4.56,4.7,4.65,4.23,3.96,3.62,3.56,3.44,3.69,3.48
12/14/22,3.91,4.14,4.33,4.58,4.68,4.64,4.23,3.94,3.64,3.59,3.49,3.74,3.52
12/13/22,3.89,4.16,4.35,4.58,4.7,4.64,4.22,3.96,3.66,3.6,3.51,3.74,3.53
12/12/22,3.86,4.18,4.38,4.6,4.78,4.75,4.39,4.1,3.8,3.73,3.61,3.84,3.57
12/9/22,3.81,4.13,4.31,4.54,4.72,4.72,4.33,4.07,3.75,3.69,3.57,3.82,3.56
12/8/22,3.75,4.11,4.28,4.53,4.71,4.71,4.31,4.04,3.71,3.63,3.48,3.71,3.44
12/7/22,3.79,4.1,4.29,4.53,4.72,4.67,4.26,3.97,3.62,3.54,3.42,3.66,3.42
12/6/22,3.87,4.19,4.37,4.54,4.74,4.73,4.34,4.07,3.73,3.64,3.51,3.77,3.52
12/5/22,3.93,4.25,4.36,4.56,4.73,4.77,4.41,4.13,3.8,3.72,3.6,3.84,3.62
12/2/22,3.91,4.25,4.34,4.52,4.65,4.69,4.28,3.99,3.67,3.61,3.51,3.79,3.56
12/1/22,4.04,4.24,4.33,4.52,4.65,4.66,4.25,3.98,3.68,3.62,3.53,3.85,3.64
11/30/22,4.07,4.25,4.37,4.55,4.7,4.74,4.38,4.13,3.82,3.76,3.68,4,3.8
11/29/22,4.08,4.26,4.38,4.51,4.72,4.78,4.48,4.24,3.92,3.85,3.75,4.02,3.81
11/28/22,4.11,4.29,4.41,4.52,4.72,4.76,4.46,4.22,3.88,3.8,3.69,3.97,3.74
11/25/22,4.16,4.33,4.41,4.52,4.67,4.76,4.42,4.2,3.85,3.78,3.68,3.97,3.74
11/23/22,4.12,4.29,4.4,4.5,4.67,4.75,4.46,4.23,3.88,3.81,3.71,3.97,3.74
11/22/22,3.97,4.26,4.4,4.49,4.68,4.79,4.47,4.27,3.93,3.86,3.76,4.05,3.83
11/21/22,3.97,4.24,4.41,4.47,4.65,4.75,4.48,4.32,3.97,3.94,3.83,4.14,3.91
11/18/22,3.93,4.23,4.34,4.46,4.61,4.74,4.51,4.28,3.99,3.92,3.82,4.13,3.92
11/17/22,3.93,4.2,4.32,4.44,4.57,4.68,4.43,4.22,3.93,3.87,3.77,4.1,3.89
11/16/22,3.81,4.15,4.32,4.43,4.54,4.62,4.35,4.13,3.83,3.77,3.67,4.03,3.85
11/15/22,3.77,4.1,4.31,4.4,4.54,4.6,4.37,4.17,3.93,3.88,3.8,4.2,3.98
11/14/22,3.72,4.05,4.34,4.38,4.55,4.63,4.4,4.24,4,3.95,3.88,4.28,4.07
11/10/22,3.71,4,4.28,4.36,4.52,4.59,4.34,4.17,3.95,3.89,3.82,4.24,4.03
11/9/22,3.65,4.05,4.29,4.4,4.59,4.75,4.61,4.49,4.27,4.2,4.12,4.5,4.31
11/8/22,3.66,4.04,4.28,4.39,4.6,4.77,4.67,4.55,4.31,4.22,4.14,4.47,4.28
11/7/22,3.78,4.04,4.29,4.39,4.62,4.8,4.72,4.63,4.39,4.31,4.22,4.55,4.34
11/4/22,3.73,4,4.21,4.36,4.55,4.76,4.66,4.58,4.33,4.26,4.17,4.49,4.27
11/3/22,3.75,4.04,4.25,4.38,4.57,4.78,4.71,4.63,4.36,4.26,4.14,4.42,4.18
11/2/22,3.7,4.01,4.22,4.38,4.57,4.76,4.61,4.54,4.3,4.2,4.1,4.41,4.15
11/1/22,3.72,4,4.23,4.35,4.58,4.75,4.54,4.48,4.27,4.18,4.07,4.37,4.14
10/31/22,3.73,4,4.22,4.33,4.57,4.66,4.51,4.45,4.27,4.18,4.1,4.44,4.22
10/28/22,3.75,3.95,4.18,4.3,4.51,4.55,4.41,4.38,4.19,4.1,4.02,4.38,4.15
10/27/22,3.76,3.95,4.13,4.27,4.44,4.5,4.3,4.29,4.09,4.01,3.96,4.32,4.12
10/26/22,3.54,3.85,4.11,4.27,4.47,4.54,4.39,4.41,4.2,4.12,4.04,4.38,4.19
10/25/22,3.56,3.81,4.14,4.32,4.5,4.6,4.42,4.45,4.25,4.17,4.1,4.45,4.26
10/24/22,3.57,3.83,4.16,4.33,4.52,4.61,4.5,4.52,4.36,4.31,4.25,4.59,4.4
10/21/22,3.55,3.78,4.09,4.31,4.43,4.58,4.49,4.52,4.34,4.28,4.21,4.54,4.33
10/20/22,3.58,3.83,4.09,4.33,4.48,4.66,4.62,4.66,4.45,4.36,4.24,4.47,4.24
10/19/22,3.31,3.72,4.07,4.32,4.45,4.6,4.55,4.56,4.35,4.26,4.14,4.38,4.15
10/18/22,3.25,3.7,4.04,,4.39,4.5,4.43,4.43,4.21,4.12,4.01,4.27,4.04
10/17/22,3.3,3.66,3.97,,4.38,4.5,4.45,4.45,4.24,4.15,4.02,4.29,4.04
10/14/22,3.3,3.61,3.81,,4.31,4.5,4.48,4.47,4.25,4.15,4,4.26,3.99
10/13/22,3.35,3.6,3.79,,4.3,4.46,4.47,4.44,4.21,4.11,3.97,4.25,3.97
10/12/22,3.07,3.45,3.7,,4.16,4.28,4.28,4.29,4.12,4.03,3.91,4.18,3.9
10/11/22,3.07,3.43,3.67,,4.17,4.28,4.3,4.31,4.14,4.06,3.93,4.19,3.92
10/7/22,3.03,3.34,3.45,,4.09,4.24,4.3,4.33,4.14,4.03,3.89,4.13,3.86
10/6/22,3.05,3.34,3.46,,4.04,4.19,4.23,4.24,4.05,3.95,3.83,4.08,3.81
10/5/22,2.89,3.22,3.46,,4,4.14,4.15,4.17,3.96,3.87,3.76,4.05,3.78
10/4/22,2.91,3.23,3.45,,3.98,4.15,4.1,4.08,3.84,3.73,3.62,3.95,3.7
10/3/22,2.87,3.26,3.46,,3.97,4.01,4.12,4.12,3.9,3.79,3.67,4,3.73
9/30/22,2.79,3.2,3.33,,3.92,4.05,4.22,4.25,4.06,3.97,3.83,4.08,3.79
9/29/22,2.78,3.2,3.36,,3.87,3.98,4.16,4.19,3.98,3.89,3.76,4,3.71
9/28/22,2.63,3.14,3.4,,3.87,3.99,4.07,4.12,3.92,3.83,3.72,3.98,3.7
9/27/22,2.71,3.14,3.35,,3.91,4.16,4.3,4.39,4.21,4.14,3.97,4.15,3.87
9/26/22,2.73,3.14,3.39,,3.95,4.17,4.27,4.37,4.15,4.06,3.88,4.01,3.72
9/23/22,2.67,3.07,3.24,,3.85,4.15,4.2,4.21,3.96,3.85,3.69,3.87,3.61
9/22/22,2.73,3.09,3.29,,3.87,4.08,4.11,4.12,3.91,3.84,3.7,3.9,3.65
9/21/22,2.59,3.06,3.31,,3.86,4.08,4.02,3.98,3.74,3.65,3.51,3.73,3.5
9/20/22,2.57,3.05,3.35,,3.86,4.03,3.96,3.94,3.75,3.69,3.57,3.83,3.59
9/19/22,2.62,3.02,3.37,,3.87,4.05,3.95,3.9,3.69,3.62,3.49,3.77,3.52
9/16/22,2.68,3.01,3.2,,3.77,3.96,3.85,3.81,3.62,3.56,3.45,3.79,3.52
9/15/22,2.76,3.03,3.22,,3.78,4,3.87,3.85,3.66,3.59,3.45,3.75,3.48
9/14/22,2.54,2.95,3.24,,3.76,3.95,3.78,3.79,3.6,3.52,3.41,3.73,3.47
9/13/22,2.55,2.95,3.28,,3.75,3.92,3.75,3.75,3.58,3.53,3.42,3.75,3.51
9/12/22,2.62,2.93,3.17,,3.56,3.7,3.58,3.6,3.47,3.45,3.37,3.76,3.53
9/9/22,2.57,2.88,3.08,,3.52,3.67,3.56,3.61,3.45,3.42,3.33,3.71,3.47
9/8/22,2.57,2.86,3.06,,3.44,3.6,3.48,3.54,3.39,3.37,3.29,3.69,3.45
9/7/22,2.3,2.8,3.07,,3.42,3.6,3.45,3.5,3.37,3.35,3.27,3.67,3.42
9/6/22,2.44,2.82,3.04,,3.4,3.61,3.5,3.55,3.43,3.41,3.33,3.74,3.49
9/2/22,2.49,2.79,2.94,,3.33,3.47,3.4,3.44,3.3,3.29,3.2,3.61,3.35
9/1/22,2.53,2.8,2.97,,3.34,3.51,3.51,3.54,3.39,3.36,3.26,3.64,3.37
8/31/22,2.4,2.72,2.96,,3.32,3.5,3.45,3.46,3.3,3.25,3.15,3.53,3.27
8/30/22,2.43,2.73,2.97,,3.31,3.48,3.46,3.47,3.27,3.22,3.11,3.49,3.23
8/29/22,2.45,2.75,2.97,,3.32,3.43,3.42,3.45,3.27,3.21,3.12,3.5,3.25
8/26/22,2.39,2.69,2.89,,3.26,3.36,3.37,3.4,3.2,3.14,3.04,3.44,3.21
8/25/22,2.42,2.7,2.88,,3.25,3.33,3.35,3.37,3.15,3.11,3.03,3.47,3.25
8/24/22,2.29,2.62,2.82,,3.28,3.35,3.36,3.4,3.2,3.2,3.11,3.55,3.32
8/23/22,2.28,2.6,2.8,,3.21,3.29,3.29,3.35,3.18,3.14,3.05,3.49,3.26
8/22/22,2.27,2.6,2.82,,3.23,3.32,3.32,3.36,3.17,3.12,3.03,3.48,3.24
8/19/22,2.23,2.6,2.74,,3.16,3.26,3.25,3.28,3.11,3.06,2.98,3.44,3.22
8/18/22,2.23,2.56,2.71,,3.12,3.24,3.22,3.23,3.02,2.97,2.88,3.35,3.14
8/17/22,2.22,2.51,2.68,,3.15,3.27,3.28,3.27,3.04,2.99,2.89,3.37,3.15
8/16/22,2.26,2.51,2.7,,3.12,3.26,3.25,3.19,2.95,2.9,2.82,3.31,3.11
8/15/22,2.27,2.53,2.72,,3.13,3.23,3.2,3.14,2.91,2.86,2.79,3.31,3.1
8/12/22,2.23,2.5,2.63,,3.13,3.26,3.25,3.18,2.97,2.92,2.84,3.34,3.12
8/11/22,2.24,2.51,2.62,,3.08,3.25,3.23,3.16,2.98,2.94,2.87,3.38,3.15
8/10/22,2.24,2.43,2.65,,3.13,3.26,3.23,3.13,2.93,2.86,2.78,3.27,3.04
8/9/22,2.23,2.43,2.67,,3.16,3.33,3.28,3.2,2.97,2.89,2.8,3.24,3.01
8/8/22,2.23,2.43,2.65,,3.15,3.3,3.21,3.14,2.91,2.85,2.77,3.22,3
8/5/22,2.21,2.39,2.58,,3.1,3.29,3.24,3.18,2.97,2.91,2.83,3.27,3.06
8/4/22,2.19,2.36,2.5,,2.98,3.11,3.03,2.95,2.76,2.73,2.68,3.15,2.97
8/3/22,2.2,2.29,2.52,,3,3.14,3.1,3.04,2.86,2.81,2.73,3.17,2.96
8/2/22,2.22,2.33,2.56,,3,3.09,3.06,3.02,2.85,2.82,2.75,3.22,3
8/1/22,2.22,2.33,2.56,,2.96,2.98,2.9,2.82,2.66,2.64,2.6,3.12,2.92
7/29/22,2.22,2.28,2.41,,2.91,2.98,2.89,2.83,2.7,2.7,2.67,3.2,3
7/28/22,2.2,2.3,2.42,,2.9,2.93,2.85,2.81,2.69,2.69,2.68,3.23,3.02
7/27/22,2.14,2.3,2.44,,2.93,3,2.96,2.93,2.82,2.83,2.78,3.26,3.03
7/26/22,2.17,2.35,2.55,,3.01,3.06,3.02,3.01,2.89,2.88,2.81,3.27,3.03
7/25/22,2.14,2.31,2.62,,3.06,3.07,3,2.98,2.89,2.89,2.81,3.28,3.04
7/22/22,2.15,2.29,2.49,,2.97,3.01,2.98,2.93,2.87,2.85,2.77,3.23,3
7/21/22,2.15,2.3,2.48,,3,3.11,3.1,3.07,3,2.99,2.91,3.33,3.08
7/20/22,1.92,2.29,2.51,,3.04,3.18,3.25,3.25,3.18,3.15,3.04,3.43,3.17
7/19/22,1.93,2.29,2.52,,3.06,3.18,3.23,3.22,3.14,3.11,3.01,3.42,3.17
7/18/22,1.96,2.28,2.5,,3.02,3.13,3.15,3.15,3.06,3.05,2.96,3.39,3.14
7/15/22,1.98,2.26,2.37,,2.94,3.12,3.13,3.14,3.05,3.03,2.93,3.34,3.1
7/14/22,1.99,2.32,2.4,,2.93,3.16,3.15,3.16,3.06,3.05,2.96,3.36,3.11
7/13/22,1.78,2.2,2.39,,2.96,3.21,3.13,3.14,3.02,3,2.91,3.35,3.08
7/12/22,1.63,2.01,2.22,,2.78,3.07,3.03,3.07,3.01,3.01,2.96,3.37,3.13
7/11/22,1.58,1.95,2.18,,2.79,2.97,3.07,3.09,3.05,3.06,2.99,3.43,3.18
7/8/22,1.57,1.92,1.98,,2.68,2.96,3.12,3.14,3.13,3.16,3.09,3.53,3.27
7/7/22,1.55,1.9,1.95,,2.64,2.87,3.03,3.05,3.05,3.07,3.01,3.45,3.2
7/6/22,1.36,1.7,1.9,,2.62,2.82,2.97,2.99,2.96,2.99,2.93,3.42,3.14
7/5/22,1.33,1.71,1.9,,2.59,2.77,2.82,2.82,2.82,2.87,2.82,3.31,3.05
7/1/22,1.27,1.68,1.73,,2.52,2.79,2.84,2.85,2.88,2.92,2.88,3.35,3.11
6/30/22,1.28,1.68,1.72,,2.51,2.8,2.92,2.99,3.01,3.04,2.98,3.38,3.14
6/29/22,1.12,1.53,1.78,,2.55,2.88,3.06,3.13,3.15,3.17,3.1,3.46,3.22
6/28/22,1.12,1.59,1.79,,2.55,2.88,3.1,3.21,3.25,3.27,3.2,3.55,3.3
6/27/22,1.16,1.57,1.79,,2.56,2.89,3.08,3.21,3.24,3.27,3.2,3.56,3.31
6/24/22,1.19,1.6,1.73,,2.51,2.83,3.04,3.13,3.18,3.19,3.13,3.51,3.26
6/23/22,1.12,1.54,1.65,,2.44,2.78,3.01,3.12,3.14,3.16,3.09,3.45,3.21
6/22/22,0.98,1.42,1.61,,2.4,2.79,3.06,3.2,3.22,3.24,3.16,3.49,3.25
6/21/22,1.08,1.48,1.7,,2.46,2.92,3.21,3.35,3.38,3.39,3.31,3.63,3.39
6/17/22,1.15,1.5,1.63,,2.25,2.86,3.17,3.35,3.34,3.34,3.25,3.55,3.3
6/16/22,1.19,1.47,1.59,,2.24,2.88,3.14,3.33,3.35,3.36,3.28,3.59,3.35
6/15/22,1.21,1.56,1.74,,2.32,2.93,3.2,3.35,3.38,3.39,3.33,3.64,3.39
6/14/22,1.19,1.55,1.83,,2.43,3.15,3.45,3.6,3.61,3.6,3.49,3.72,3.45
6/13/22,1.13,1.45,1.73,,2.25,2.89,3.4,3.56,3.56,3.53,3.43,3.68,3.42
6/10/22,1.1,1.25,1.39,,1.98,2.58,3.06,3.21,3.25,3.24,3.15,3.45,3.2
6/9/22,1.05,1.17,1.3,,1.81,2.35,2.83,2.99,3.07,3.08,3.04,3.4,3.18
6/8/22,0.89,1.1,1.28,,1.77,2.29,2.78,2.94,3.03,3.06,3.03,3.4,3.18
6/7/22,0.87,1.08,1.26,,1.75,2.26,2.75,2.91,2.99,3.02,2.98,3.35,3.13
6/6/22,0.88,1.07,1.26,,1.74,2.23,2.73,2.94,3.03,3.07,3.04,3.41,3.19
6/3/22,0.87,1.05,1.21,,1.68,2.18,2.66,2.87,2.95,2.99,2.96,3.33,3.11
6/2/22,0.85,1.05,1.17,,1.64,2.15,2.65,2.83,2.92,2.95,2.92,3.3,3.09
6/1/22,0.77,0.9,1.15,,1.63,2.16,2.66,2.84,2.94,2.98,2.94,3.31,3.09
5/31/22,0.73,0.89,1.16,,1.64,2.08,2.53,2.71,2.81,2.87,2.85,3.28,3.07
5/27/22,0.69,0.91,1.08,,1.54,2.01,2.47,2.64,2.71,2.76,2.74,3.16,2.97
5/26/22,0.71,0.9,1.07,,1.52,1.99,2.46,2.63,2.7,2.75,2.75,3.18,2.99
5/25/22,0.58,0.88,1.06,,1.52,2.01,2.48,2.63,2.71,2.76,2.75,3.14,2.97
5/24/22,0.55,0.88,1.06,,1.53,2.02,2.5,2.66,2.76,2.8,2.76,3.16,2.98
5/23/22,0.55,0.9,1.07,,1.57,2.09,2.65,2.8,2.88,2.9,2.86,3.26,3.08
5/20/22,0.63,0.87,1.03,,1.51,2.07,2.6,2.73,2.8,2.82,2.78,3.17,2.99
5/19/22,0.65,0.91,1.05,,1.52,2.11,2.63,2.78,2.84,2.87,2.84,3.24,3.05
5/18/22,0.56,0.85,1.03,,1.56,2.16,2.68,2.84,2.89,2.91,2.89,3.24,3.07
5/17/22,0.61,0.85,1.06,,1.57,2.16,2.71,2.89,2.96,3,2.98,3.36,3.17
5/16/22,0.64,0.85,1.07,,1.54,2.07,2.58,2.75,2.83,2.89,2.88,3.3,3.09
5/13/22,0.67,0.79,1.03,,1.47,2.04,2.61,2.79,2.89,2.95,2.93,3.32,3.1
5/12/22,0.61,0.77,0.96,,1.44,1.96,2.56,2.73,2.81,2.86,2.84,3.22,3
5/11/22,0.59,0.77,0.91,,1.43,1.99,2.66,2.81,2.89,2.94,2.91,3.25,3.05
5/10/22,0.57,0.75,0.89,,1.44,2.01,2.62,2.81,2.91,2.99,2.99,3.31,3.12
5/9/22,0.51,0.73,0.92,,1.43,1.99,2.61,2.81,2.95,3.04,3.05,3.38,3.19
5/6/22,0.48,0.72,0.85,,1.41,2.08,2.72,2.94,3.06,3.13,3.12,3.43,3.23
5/5/22,0.49,0.71,0.85,,1.37,2.08,2.71,2.91,3.01,3.07,3.05,3.35,3.15
5/4/22,0.49,0.74,0.89,,1.44,2.07,2.66,2.85,2.93,2.97,2.93,3.21,3.01
5/3/22,0.48,0.77,0.91,,1.45,2.16,2.78,2.95,3.01,3.03,2.97,3.21,3.03
5/2/22,0.41,0.71,0.9,,1.49,2.1,2.73,2.93,3.01,3.04,2.99,3.26,3.07
4/29/22,0.37,0.73,0.85,,1.41,2.1,2.7,2.87,2.92,2.94,2.89,3.14,2.96
4/28/22,0.37,0.71,0.82,,1.38,2.04,2.63,2.8,2.86,2.88,2.85,3.1,2.92
4/27/22,0.37,0.63,0.82,,1.39,1.97,2.58,2.75,2.81,2.84,2.82,3.08,2.91
4/26/22,0.38,0.61,0.83,,1.4,1.99,2.54,2.72,2.79,2.8,2.77,3.03,2.86
4/25/22,0.4,0.61,0.91,,1.42,2.03,2.63,2.79,2.84,2.85,2.81,3.06,2.88
4/22/22,0.46,0.64,0.83,,1.34,2.06,2.72,2.88,2.94,2.95,2.9,3.14,2.95
4/21/22,0.5,0.65,0.83,,1.32,2.01,2.68,2.87,2.96,2.96,2.9,3.12,2.94
4/20/22,0.35,0.56,0.82,,1.29,1.93,2.6,2.79,2.87,2.88,2.85,3.08,2.9
4/19/22,0.37,0.58,0.81,,1.28,1.94,2.61,2.81,2.91,2.95,2.93,3.19,3.01
4/18/22,0.38,0.6,0.81,,1.27,1.84,2.46,2.68,2.79,2.85,2.85,3.12,2.95
4/14/22,0.37,0.57,0.79,,1.25,1.84,2.47,2.67,2.79,2.84,2.83,3.09,2.92
4/13/22,0.26,0.52,0.75,,1.2,1.78,2.37,2.57,2.66,2.71,2.7,2.97,2.81
4/12/22,0.21,0.52,0.74,,1.2,1.77,2.39,2.58,2.66,2.73,2.72,2.99,2.82
4/11/22,0.22,0.54,0.77,,1.23,1.85,2.5,2.73,2.79,2.84,2.79,3.02,2.84
4/8/22,0.2,0.49,0.7,,1.19,1.81,2.53,2.73,2.76,2.79,2.72,2.94,2.76
4/7/22,0.21,0.5,0.68,,1.15,1.78,2.47,2.66,2.7,2.73,2.66,2.87,2.69
4/6/22,0.21,0.44,0.67,,1.15,1.79,2.5,2.67,2.7,2.69,2.61,2.81,2.63
4/5/22,0.18,0.42,0.65,,1.13,1.77,2.51,2.69,2.69,2.65,2.54,2.74,2.57
4/4/22,0.18,0.42,0.66,,1.14,1.72,2.43,2.61,2.56,2.52,2.42,2.64,2.48
4/1/22,0.15,0.37,0.53,,1.09,1.72,2.44,2.61,2.55,2.5,2.39,2.6,2.44
3/31/22,0.17,0.35,0.52,,1.06,1.63,2.28,2.45,2.42,2.4,2.32,2.59,2.44
3/30/22,0.16,0.33,0.55,,1.04,1.64,2.31,2.49,2.44,2.43,2.35,2.63,2.48
3/29/22,0.18,0.34,0.55,,1.06,1.67,2.35,2.54,2.49,2.5,2.41,2.68,2.53
3/28/22,0.19,0.36,0.59,,1.08,1.69,2.35,2.55,2.54,2.55,2.46,2.72,2.57
3/25/22,0.17,0.32,0.55,,1.01,1.67,2.3,2.51,2.55,2.56,2.48,2.74,2.6
3/24/22,0.16,0.31,0.52,,0.96,1.55,2.13,2.35,2.37,2.39,2.34,2.63,2.51
3/23/22,0.15,0.27,0.5,,0.93,1.52,2.13,2.32,2.34,2.37,2.32,2.65,2.52
3/22/22,0.2,0.3,0.51,,0.96,1.59,2.18,2.38,2.39,2.42,2.38,2.71,2.6
3/21/22,0.22,0.33,0.54,,0.95,1.4,2.14,2.34,2.33,2.36,2.32,2.67,2.55
3/18/22,0.19,0.28,0.42,,0.83,1.29,1.97,2.15,2.14,2.17,2.14,2.53,2.42
3/17/22,0.2,0.3,0.4,,0.81,1.3,1.94,2.14,2.17,2.22,2.2,2.6,2.5
3/16/22,0.24,0.3,0.44,,0.86,1.35,1.95,2.14,2.18,2.22,2.19,2.56,2.46
3/15/22,0.22,0.31,0.46,,0.86,1.28,1.85,2.04,2.1,2.16,2.15,2.57,2.49
3/14/22,0.23,0.32,0.45,,0.86,1.28,1.87,2.04,2.1,2.16,2.14,2.56,2.47
3/11/22,0.17,0.28,0.4,,0.78,1.22,1.75,1.91,1.96,2.01,2,2.45,2.36
3/10/22,0.19,0.28,0.39,,0.75,1.19,1.72,1.88,1.92,1.98,1.98,2.45,2.38
3/9/22,0.18,0.26,0.38,,0.75,1.15,1.68,1.83,1.87,1.92,1.94,2.38,2.29
3/8/22,0.16,0.24,0.36,,0.72,1.12,1.63,1.78,1.8,1.85,1.86,2.34,2.24
3/7/22,0.17,0.23,0.38,,0.75,1.07,1.55,1.68,1.71,1.77,1.78,2.29,2.19
3/4/22,0.15,0.21,0.34,,0.69,1.05,1.5,1.62,1.65,1.7,1.74,2.23,2.16
3/3/22,0.19,0.25,0.38,,0.69,1.08,1.53,1.69,1.74,1.82,1.86,2.32,2.24
3/2/22,0.13,0.24,0.34,,0.68,1.06,1.5,1.67,1.74,1.83,1.86,2.32,2.24
3/1/22,0.11,0.21,0.32,,0.6,0.91,1.31,1.47,1.56,1.67,1.72,2.19,2.11
2/28/22,0.06,0.2,0.35,,0.69,1.01,1.44,1.62,1.71,1.81,1.83,2.25,2.17
2/25/22,0.03,0.2,0.33,,0.71,1.13,1.55,1.76,1.86,1.96,1.97,2.37,2.29
2/24/22,0.05,0.18,0.32,,0.65,1.08,1.54,1.73,1.84,1.94,1.96,2.36,2.28
2/23/22,0.02,0.2,0.34,,0.74,1.16,1.58,1.78,1.89,1.98,1.99,2.36,2.29
2/22/22,0.03,0.2,0.37,,0.73,1.17,1.56,1.74,1.85,1.93,1.94,2.31,2.24
2/18/22,0.03,0.19,0.35,,0.65,1.03,1.47,1.68,1.82,1.9,1.92,2.3,2.24
2/17/22,0.06,0.23,0.36,,0.65,1.05,1.49,1.7,1.85,1.94,1.97,2.35,2.31
2/16/22,0.03,0.17,0.38,,0.67,1.09,1.52,1.75,1.9,2,2.03,2.39,2.34
2/15/22,0.02,0.19,0.4,,0.72,1.11,1.58,1.8,1.94,2.03,2.05,2.42,2.37
2/14/22,0.03,0.25,0.43,,0.76,1.13,1.58,1.8,1.9,1.98,1.98,2.35,2.29
2/11/22,0.03,0.22,0.36,,0.71,1.07,1.5,1.71,1.84,1.92,1.92,2.3,2.24
2/10/22,0.05,0.31,0.4,,0.74,1.14,1.61,1.82,1.96,2.03,2.03,2.37,2.3
2/9/22,0.04,0.15,0.26,,0.57,0.91,1.36,1.61,1.82,1.92,1.94,2.31,2.25
2/8/22,0.03,0.14,0.25,,0.59,0.91,1.35,1.59,1.81,1.93,1.96,2.31,2.25
2/7/22,0.03,0.14,0.27,,0.58,0.88,1.3,1.54,1.76,1.88,1.92,2.28,2.22
2/4/22,0.05,0.12,0.23,,0.56,0.89,1.31,1.55,1.78,1.9,1.93,2.29,2.23
2/3/22,0.03,0.15,0.2,,0.48,0.78,1.19,1.42,1.66,1.78,1.82,2.2,2.14
2/2/22,0.04,0.1,0.19,,0.45,0.76,1.16,1.38,1.6,1.74,1.78,2.17,2.11
2/1/22,0.04,0.1,0.19,,0.48,0.78,1.18,1.39,1.63,1.76,1.81,2.19,2.12
1/31/22,0.03,0.13,0.22,,0.49,0.78,1.18,1.39,1.62,1.75,1.79,2.17,2.11
1/28/22,0.04,0.1,0.19,,0.43,0.75,1.15,1.38,1.61,1.74,1.78,2.14,2.07
1/27/22,0.04,0.14,0.2,,0.43,0.75,1.18,1.43,1.66,1.78,1.81,2.17,2.09
1/26/22,0.06,0.11,0.19,,0.4,0.7,1.13,1.39,1.66,1.81,1.85,2.22,2.16
1/25/22,0.05,0.09,0.19,,0.39,0.65,1.02,1.28,1.56,1.73,1.78,2.18,2.12
1/24/22,0.05,0.09,0.19,,0.39,0.58,0.99,1.25,1.53,1.69,1.75,2.15,2.1
1/21/22,0.05,0.08,0.17,,0.35,0.58,1.01,1.28,1.54,1.7,1.75,2.13,2.07
1/20/22,0.05,0.09,0.17,,0.36,0.6,1.08,1.34,1.62,1.77,1.83,2.19,2.14
1/19/22,0.05,0.06,0.17,,0.36,0.57,1.04,1.33,1.62,1.78,1.83,2.2,2.14
1/18/22,0.05,0.06,0.16,,0.37,0.58,1.06,1.35,1.65,1.82,1.87,2.24,2.18
1/14/22,0.05,0.05,0.13,,0.3,0.51,0.99,1.26,1.55,1.72,1.78,2.18,2.12
1/13/22,0.05,0.05,0.12,,0.28,0.47,0.91,1.18,1.47,1.64,1.7,2.1,2.05
1/12/22,0.04,0.06,0.12,,0.27,0.48,0.92,1.21,1.5,1.67,1.74,2.13,2.08
1/11/22,0.04,0.05,0.11,,0.28,0.46,0.9,1.22,1.51,1.69,1.75,2.13,2.08
1/10/22,0.05,0.06,0.13,,0.28,0.46,0.92,1.21,1.53,1.71,1.78,2.15,2.11
1/7/22,0.05,0.05,0.1,,0.24,0.43,0.87,1.17,1.5,1.69,1.76,2.15,2.11
1/6/22,0.04,0.05,0.1,,0.23,0.45,0.88,1.15,1.47,1.66,1.73,2.12,2.09
1/5/22,0.05,0.06,0.09,,0.22,0.41,0.83,1.1,1.43,1.62,1.71,2.12,2.09
1/4/22,0.06,0.05,0.08,,0.22,0.38,0.77,1.02,1.37,1.57,1.66,2.1,2.07
1/3/22,0.05,0.06,0.08,,0.22,0.4,0.78,1.04,1.37,1.55,1.63,2.05,2.01
12/31/21,0.06,0.05,0.06,0.19,0.39,0.73,0.97,1.26,1.44,1.52,1.94,1.9,
12/30/21,0.06,0.06,0.05,0.19,0.38,0.73,0.98,1.27,1.44,1.52,1.97,1.93,
12/29/21,0.01,0.02,0.05,0.19,0.38,0.75,0.99,1.29,1.47,1.55,2,1.96,
12/28/21,0.03,0.04,0.06,0.2,0.39,0.74,0.99,1.27,1.41,1.49,1.94,1.9,
12/27/21,0.04,0.05,0.06,0.21,0.33,0.76,0.98,1.26,1.41,1.48,1.92,1.88,
12/23/21,0.04,0.05,0.07,0.18,0.31,0.71,0.97,1.25,1.42,1.5,1.94,1.91,
12/22/21,0.03,0.04,0.08,0.16,0.28,0.68,0.96,1.23,1.39,1.46,1.89,1.86,
12/21/21,0.03,0.04,0.07,0.16,0.29,0.7,0.96,1.24,1.4,1.48,1.92,1.89,
12/20/21,0.03,0.05,0.07,0.16,0.27,0.65,0.91,1.17,1.34,1.43,1.9,1.85,
12/17/21,0.03,0.04,0.05,0.13,0.27,0.66,0.93,1.18,1.34,1.41,1.87,1.82,
12/16/21,0.04,0.06,0.05,0.13,0.26,0.64,0.92,1.19,1.36,1.44,1.91,1.87,
12/15/21,0.03,0.05,0.05,0.13,0.29,0.69,1,1.26,1.42,1.47,1.91,1.86,
12/14/21,0.02,0.05,0.05,0.13,0.26,0.67,0.98,1.23,1.39,1.44,1.87,1.82,
12/13/21,0.01,0.05,0.05,0.11,0.27,0.66,0.95,1.21,1.37,1.42,1.86,1.81,
12/10/21,0.03,0.06,0.06,0.13,0.27,0.67,0.98,1.25,1.42,1.48,1.91,1.88,
12/9/21,0.03,0.06,0.06,0.12,0.28,0.7,0.99,1.26,1.42,1.49,1.91,1.87,
12/8/21,0.04,0.05,0.07,0.13,0.29,0.68,0.99,1.27,1.44,1.52,1.93,1.87,
12/7/21,0.05,0.06,0.06,0.15,0.31,0.7,0.99,1.26,1.43,1.48,1.88,1.8,
12/6/21,0.05,0.05,0.05,0.12,0.28,0.65,0.91,1.21,1.38,1.43,1.84,1.75,
12/3/21,0.04,0.05,0.06,0.09,0.26,0.6,0.86,1.13,1.29,1.35,1.77,1.69,
12/2/21,0.05,0.05,0.05,0.09,0.27,0.63,0.9,1.21,1.38,1.44,1.87,1.76,
12/1/21,0.09,0.04,0.06,0.1,0.25,0.56,0.85,1.15,1.35,1.43,1.84,1.77,
11/30/21,0.11,0.05,0.05,0.1,0.24,0.52,0.81,1.14,1.36,1.43,1.85,1.78,
11/29/21,0.07,0.04,0.06,0.1,0.21,0.51,0.83,1.18,1.42,1.52,1.93,1.87,
11/26/21,0.11,0.04,0.06,0.1,0.2,0.5,0.81,1.16,1.4,1.48,1.89,1.83,
11/24/21,0.14,0.05,0.06,0.1,0.24,0.64,0.97,1.34,1.58,1.64,2.03,1.96,
11/23/21,0.06,0.04,0.06,0.07,0.21,0.6,0.95,1.33,1.58,1.67,2.08,2.02,
11/22/21,0.07,0.03,0.05,0.07,0.2,0.63,0.95,1.33,1.55,1.63,2.03,1.98,
11/19/21,0.11,0.04,0.05,0.06,0.18,0.52,0.86,1.22,1.45,1.54,1.95,1.91,
11/18/21,0.12,0.05,0.05,0.06,0.18,0.52,0.84,1.22,1.47,1.59,2.01,1.97,
11/17/21,0.06,0.05,0.05,0.06,0.18,0.52,0.85,1.24,1.49,1.6,2.04,2,
11/16/21,0.06,0.06,0.05,0.07,0.17,0.54,0.87,1.27,1.52,1.63,2.06,2.02,
11/15/21,0.06,0.06,0.05,0.06,0.18,0.53,0.87,1.26,1.51,1.63,2.05,2.01,
11/12/21,0.05,0.05,0.05,0.07,0.17,0.53,0.85,1.24,1.47,1.58,1.99,1.95,
11/10/21,0.06,0.06,0.05,0.07,0.17,0.51,0.83,1.23,1.45,1.56,1.96,1.92,
11/9/21,0.04,0.05,0.04,0.06,0.14,0.41,0.71,1.08,1.32,1.46,1.86,1.83,
11/8/21,0.04,0.06,0.06,0.07,0.16,0.45,0.75,1.13,1.38,1.51,1.91,1.89,
11/5/21,0.05,0.06,0.05,0.07,0.14,0.39,0.66,1.04,1.3,1.45,1.88,1.87,
11/4/21,0.05,0.05,0.04,0.07,0.14,0.41,0.69,1.1,1.37,1.53,1.96,1.96,
11/3/21,0.05,0.07,0.05,0.07,0.17,0.47,0.77,1.19,1.46,1.6,2.01,2,
11/2/21,0.05,0.06,0.05,0.07,0.15,0.46,0.73,1.15,1.42,1.56,1.97,1.96,
11/1/21,0.05,0.09,0.05,0.06,0.15,0.5,0.79,1.2,1.46,1.58,2.01,1.98,
10/29/21,0.06,0.08,0.05,0.07,0.15,0.48,0.75,1.18,1.44,1.55,1.98,1.93,
10/28/21,0.06,0.1,0.06,0.06,0.15,0.5,0.77,1.18,1.44,1.57,1.98,1.96,
10/27/21,0.06,0.07,0.06,0.07,0.12,0.5,0.77,1.16,1.41,1.54,1.93,1.95,
10/26/21,0.06,0.08,0.06,0.06,0.14,0.47,0.77,1.2,1.46,1.63,2.03,2.05,
10/25/21,0.07,0.1,0.06,0.06,0.14,0.47,0.76,1.19,1.47,1.64,2.07,2.09,
10/22/21,0.05,0.09,0.06,0.07,0.13,0.48,0.79,1.22,1.49,1.66,2.06,2.08,
10/21/21,0.06,0.08,0.06,0.06,0.12,0.45,0.78,1.23,1.52,1.68,2.1,2.13,
10/20/21,0.06,0.07,0.05,0.06,0.1,0.4,0.7,1.16,1.46,1.65,2.09,2.12,
10/19/21,0.06,0.09,0.05,0.06,0.11,0.41,0.71,1.17,1.47,1.65,2.07,2.09,
10/18/21,0.05,0.09,0.06,0.06,0.11,0.44,0.72,1.16,1.43,1.59,1.99,2.01,
10/15/21,0.04,0.08,0.05,0.06,0.12,0.41,0.7,1.13,1.42,1.59,2.02,2.05,
10/14/21,0.05,0.08,0.05,0.06,0.1,0.36,0.62,1.05,1.34,1.52,1.97,2.02,
10/13/21,0.03,0.06,0.05,0.06,0.11,0.37,0.66,1.09,1.38,1.56,2,2.05,
10/12/21,0.03,0.07,0.06,0.06,0.1,0.35,0.64,1.08,1.39,1.59,2.05,2.1,
10/8/21,0.02,0.07,0.05,0.07,0.09,0.32,0.59,1.05,1.39,1.61,2.11,2.16,
10/7/21,0.03,0.09,0.05,0.06,0.1,0.32,0.57,1.02,1.36,1.58,2.08,2.13,
10/6/21,0.06,0.04,0.04,0.06,0.1,0.3,0.55,0.99,1.32,1.53,2.02,2.08,
10/5/21,0.1,0.04,0.04,0.06,0.09,0.28,0.54,0.98,1.32,1.54,2.04,2.1,
10/4/21,0.09,0.04,0.04,0.06,0.09,0.27,0.52,0.95,1.27,1.49,1.99,2.05,
10/1/21,0.08,0.04,0.04,0.05,0.09,0.27,0.49,0.93,1.26,1.48,1.99,2.04,
9/30/21,0.07,0.05,0.04,0.05,0.09,0.28,0.53,0.98,1.32,1.52,2.02,2.08,
9/29/21,0.05,0.04,0.04,0.05,0.09,0.3,0.55,1.01,1.34,1.55,2.04,2.09,
9/28/21,0.07,0.04,0.04,0.06,0.09,0.31,0.55,1.02,1.34,1.54,2.02,2.07,
9/27/21,0.06,0.03,0.04,0.05,0.09,0.31,0.56,0.98,1.3,1.48,1.95,1.99,
9/24/21,0.06,0.04,0.03,0.05,0.08,0.29,0.55,0.97,1.27,1.47,1.94,1.99,
9/23/21,0.05,0.04,0.03,0.04,0.08,0.27,0.53,0.94,1.22,1.41,1.87,1.92,
9/22/21,0.04,0.04,0.03,0.05,0.08,0.25,0.48,0.86,1.13,1.32,1.78,1.84,
9/21/21,0.05,0.04,0.03,0.04,0.07,0.22,0.46,0.84,1.13,1.33,1.81,1.86,
9/20/21,0.06,0.05,0.04,0.05,0.07,0.23,0.45,0.83,1.12,1.31,1.79,1.85,
9/17/21,0.06,0.06,0.04,0.05,0.07,0.23,0.47,0.88,1.17,1.37,1.85,1.91,
9/16/21,0.06,0.06,0.04,0.05,0.07,0.23,0.46,0.84,1.13,1.34,1.83,1.88,
9/15/21,0.04,0.06,0.04,0.05,0.07,0.21,0.43,0.81,1.1,1.31,1.8,1.87,
9/14/21,0.05,0.06,0.04,0.05,0.07,0.21,0.43,0.79,1.07,1.28,1.78,1.85,
9/13/21,0.06,0.08,0.06,0.06,0.07,0.21,0.44,0.81,1.11,1.33,1.83,1.91,
9/10/21,0.06,0.06,0.05,0.06,0.08,0.23,0.45,0.82,1.12,1.35,1.86,1.94,
9/9/21,0.07,0.06,0.04,0.05,0.07,0.23,0.43,0.79,1.08,1.3,1.83,1.9,
9/8/21,0.05,0.06,0.05,0.06,0.08,0.22,0.43,0.81,1.11,1.35,1.88,1.95,
9/7/21,0.04,0.07,0.05,0.06,0.08,0.22,0.45,0.82,1.14,1.38,1.91,1.99,
9/3/21,0.04,0.07,0.05,0.05,0.08,0.21,0.42,0.78,1.09,1.33,1.87,1.94,
9/2/21,0.05,0.07,0.05,0.06,0.07,0.2,0.42,0.78,1.07,1.29,1.83,1.9,
9/1/21,0.04,0.06,0.05,0.06,0.07,0.2,0.42,0.78,1.08,1.31,1.84,1.92,
8/31/21,0.03,0.05,0.04,0.06,0.07,0.2,0.4,0.77,1.08,1.3,1.85,1.92,
8/30/21,0.04,0.07,0.05,0.05,0.08,0.2,0.4,0.77,1.07,1.29,1.82,1.9,
8/27/21,0.04,0.06,0.05,0.05,0.07,0.22,0.41,0.79,1.09,1.31,1.84,1.91,
8/26/21,0.04,0.06,0.05,0.06,0.07,0.25,0.46,0.84,1.13,1.34,1.87,1.94,
8/25/21,0.04,0.05,0.06,0.06,0.07,0.23,0.47,0.84,1.13,1.35,1.88,1.96,
8/24/21,0.03,0.05,0.05,0.05,0.06,0.24,0.44,0.8,1.08,1.29,1.83,1.91,
8/23/21,0.04,0.05,0.05,0.06,0.07,0.23,0.43,0.78,1.05,1.25,1.79,1.87,
8/20/21,0.04,0.05,0.05,0.05,0.06,0.23,0.44,0.8,1.06,1.26,1.79,1.87,
8/19/21,0.04,0.05,0.06,0.05,0.06,0.22,0.44,0.78,1.04,1.24,1.8,1.88,
8/18/21,0.03,0.05,0.07,0.05,0.07,0.23,0.43,0.79,1.06,1.27,1.84,1.91,
8/17/21,0.03,0.05,0.07,0.06,0.07,0.23,0.43,0.77,1.05,1.26,1.82,1.92,
8/16/21,0.04,0.05,0.06,0.05,0.08,0.21,0.42,0.75,1.04,1.26,1.82,1.92,
8/13/21,0.04,0.05,0.06,0.05,0.08,0.23,0.44,0.79,1.08,1.29,1.85,1.94,
8/12/21,0.05,0.06,0.06,0.06,0.09,0.23,0.46,0.83,1.13,1.36,1.92,2.03,
8/11/21,0.05,0.05,0.05,0.06,0.08,0.23,0.45,0.81,1.11,1.35,1.9,1.99,
8/10/21,0.05,0.05,0.05,0.05,0.08,0.24,0.47,0.82,1.12,1.36,1.9,1.99,
8/9/21,0.04,0.05,0.06,0.06,0.08,0.23,0.43,0.79,1.09,1.33,1.87,1.96,
8/6/21,0.04,0.05,0.06,0.06,0.09,0.21,0.42,0.77,1.07,1.31,1.85,1.94,
8/5/21,0.05,0.05,0.05,0.06,0.08,0.21,0.38,0.72,1.01,1.23,1.77,1.86,
8/4/21,0.05,0.05,0.05,0.05,0.07,0.17,0.34,0.67,0.96,1.19,1.74,1.83,
8/3/21,0.05,0.05,0.05,0.06,0.07,0.17,0.33,0.65,0.95,1.19,1.76,1.85,
8/2/21,0.05,0.05,0.05,0.06,0.07,0.17,0.33,0.66,0.96,1.2,1.77,1.86,
7/30/21,0.05,0.05,0.06,0.05,0.07,0.19,0.35,0.69,1,1.24,1.81,1.89,
7/29/21,0.05,0.05,0.06,0.05,0.08,0.2,0.37,0.73,1.04,1.28,1.84,1.91,
7/28/21,0.04,0.05,0.05,0.05,0.07,0.2,0.38,0.72,1.01,1.26,1.83,1.9,
7/27/21,0.04,0.05,0.05,0.05,0.07,0.2,0.37,0.71,1.01,1.25,1.81,1.89,
7/26/21,0.05,0.05,0.05,0.06,0.08,0.22,0.38,0.73,1.04,1.29,1.85,1.93,
7/23/21,0.05,0.05,0.05,0.05,0.07,0.22,0.38,0.72,1.04,1.3,1.85,1.92,
7/22/21,0.04,0.04,0.05,0.05,0.07,0.2,0.37,0.71,1.02,1.27,1.82,1.9,
7/21/21,0.04,0.04,0.05,0.05,0.07,0.22,0.39,0.74,1.05,1.3,1.87,1.94,
7/20/21,0.05,0.05,0.05,0.06,0.08,0.2,0.37,0.69,0.98,1.23,1.79,1.88,
7/19/21,0.05,0.05,0.05,0.06,0.07,0.21,0.38,0.7,0.97,1.19,1.74,1.81,
7/16/21,0.05,0.05,0.05,0.05,0.08,0.25,0.43,0.79,1.08,1.31,1.86,1.93,
7/15/21,0.05,0.05,0.05,0.05,0.07,0.23,0.43,0.78,1.07,1.31,1.85,1.92,
7/14/21,0.06,0.05,0.06,0.05,0.08,0.23,0.44,0.8,1.11,1.37,1.91,1.98,
7/13/21,0.05,0.05,0.05,0.06,0.08,0.26,0.47,0.85,1.16,1.42,1.96,2.04,
7/12/21,0.05,0.05,0.05,0.06,0.08,0.23,0.43,0.81,1.13,1.38,1.93,2,
7/9/21,0.06,0.05,0.06,0.05,0.08,0.23,0.41,0.79,1.12,1.37,1.91,1.99,
7/8/21,0.06,0.05,0.06,0.06,0.07,0.19,0.37,0.74,1.06,1.3,1.84,1.91,
7/7/21,0.05,0.05,0.05,0.05,0.08,0.22,0.41,0.79,1.09,1.33,1.87,1.94,
7/6/21,0.05,0.05,0.05,0.06,0.07,0.22,0.42,0.81,1.13,1.37,1.92,2,
7/2/21,0.05,0.05,0.05,0.05,0.08,0.24,0.45,0.86,1.19,1.44,1.98,2.05,
7/1/21,0.05,0.05,0.05,0.05,0.09,0.25,0.47,0.89,1.24,1.48,2.01,2.07,
6/30/21,0.05,0.05,0.05,0.06,0.07,0.25,0.46,0.87,1.21,1.45,2,2.06,
6/29/21,0.04,0.04,0.04,0.06,0.08,0.27,0.47,0.89,1.24,1.49,2.03,2.1,
6/28/21,0.04,0.05,0.05,0.06,0.08,0.25,0.47,0.9,1.25,1.49,2.04,2.1,
6/25/21,0.05,0.05,0.06,0.06,0.09,0.28,0.48,0.92,1.29,1.54,2.09,2.16,
6/24/21,0.05,0.05,0.05,0.05,0.08,0.26,0.48,0.9,1.26,1.49,2.03,2.1,
6/23/21,0.04,0.04,0.05,0.05,0.08,0.26,0.47,0.9,1.25,1.5,2.04,2.11,
6/22/21,0.04,0.05,0.04,0.06,0.09,0.25,0.44,0.87,1.23,1.48,2.03,2.1,
6/21/21,0.04,0.04,0.05,0.06,0.09,0.27,0.48,0.9,1.25,1.5,2.05,2.11,
6/18/21,0.05,0.05,0.05,0.06,0.09,0.26,0.47,0.89,1.22,1.45,1.97,2.01,
6/17/21,0.05,0.04,0.04,0.06,0.08,0.23,0.43,0.9,1.27,1.52,2.05,2.11,
6/16/21,0.04,0.04,0.04,0.06,0.08,0.21,0.41,0.89,1.29,1.57,2.13,2.2,
6/15/21,0.02,0.02,0.03,0.05,0.08,0.16,0.34,0.79,1.21,1.51,2.12,2.2,
6/14/21,0.01,0.02,0.03,0.05,0.05,0.16,0.33,0.8,1.2,1.51,2.12,2.19,
6/11/21,0.01,0.02,0.03,0.04,0.05,0.16,0.31,0.76,1.16,1.47,2.08,2.15,
6/10/21,0.01,0.02,0.03,0.04,0.05,0.14,0.3,0.73,1.14,1.45,2.07,2.15,
6/9/21,0.01,0.02,0.03,0.04,0.05,0.16,0.31,0.75,1.17,1.5,2.1,2.17,
6/8/21,0.01,0.02,0.02,0.04,0.05,0.14,0.32,0.77,1.2,1.53,2.13,2.21,
6/7/21,0.01,0.02,0.02,0.04,0.05,0.16,0.33,0.79,1.24,1.57,2.17,2.25,
6/4/21,0.01,0.02,0.02,0.04,0.05,0.14,0.32,0.78,1.23,1.56,2.16,2.24,
6/3/21,0,0.01,0.02,0.04,0.04,0.16,0.34,0.84,1.3,1.63,2.22,2.3,
6/2/21,0.01,0.01,0.02,0.04,0.05,0.13,0.3,0.8,1.26,1.59,2.21,2.28,
6/1/21,0.01,0.01,0.02,0.04,0.04,0.16,0.31,0.81,1.28,1.62,2.22,2.3,
5/28/21,0.01,0.01,0.01,0.03,0.05,0.14,0.3,0.79,1.24,1.58,2.18,2.26,
5/27/21,0,0.01,0.02,0.04,0.04,0.14,0.31,0.81,1.28,1.61,2.2,2.29,
5/26/21,0,0,0.02,0.04,0.04,0.14,0.31,0.8,1.24,1.58,2.17,2.27,
5/25/21,0.01,0.01,0.02,0.04,0.04,0.15,0.3,0.79,1.23,1.56,2.16,2.26,
5/24/21,0.01,0.01,0.02,0.03,0.04,0.15,0.32,0.82,1.28,1.61,2.22,2.31,
5/21/21,0,0.01,0.01,0.02,0.04,0.17,0.34,0.84,1.29,1.63,2.24,2.33,
5/20/21,0.01,0.01,0.01,0.03,0.05,0.15,0.34,0.83,1.29,1.63,2.25,2.34,
5/19/21,0,0.01,0.01,0.03,0.05,0.16,0.35,0.87,1.34,1.68,2.3,2.38,
5/18/21,0,0.01,0.02,0.03,0.06,0.16,0.34,0.83,1.29,1.64,2.27,2.37,
5/17/21,0,0.01,0.02,0.04,0.06,0.16,0.34,0.84,1.3,1.64,2.27,2.36,
5/14/21,0.01,0.01,0.01,0.03,0.06,0.16,0.33,0.82,1.29,1.63,2.25,2.35,
5/13/21,0,0.01,0.02,0.03,0.05,0.16,0.33,0.84,1.31,1.66,2.28,2.39,
5/12/21,0.01,0.02,0.02,0.04,0.05,0.16,0.35,0.87,1.34,1.69,2.29,2.4,
5/11/21,0.01,0.01,0.01,0.04,0.05,0.16,0.31,0.8,1.28,1.64,2.23,2.35,
5/10/21,0.02,0.01,0.02,0.04,0.05,0.16,0.32,0.8,1.27,1.63,2.2,2.32,
5/7/21,0.01,0.01,0.02,0.04,0.05,0.14,0.29,0.77,1.24,1.6,2.17,2.28,
5/6/21,0.01,0.02,0.02,0.04,0.05,0.16,0.32,0.81,1.25,1.58,2.14,2.24,
5/5/21,0.01,0.01,0.02,0.04,0.06,0.16,0.32,0.8,1.25,1.59,2.14,2.25,
5/4/21,0.01,0.01,0.02,0.04,0.06,0.16,0.33,0.82,1.28,1.61,2.16,2.27,
5/3/21,0.02,0.02,0.04,0.04,0.06,0.16,0.33,0.84,1.29,1.63,2.18,2.3,
4/30/21,0.01,0.02,0.01,0.03,0.05,0.16,0.35,0.86,1.32,1.65,2.19,2.3,
4/29/21,0.01,0.01,0.01,0.04,0.05,0.16,0.35,0.86,1.32,1.65,2.2,2.31,
4/28/21,0.01,0.01,0.01,0.04,0.05,0.17,0.35,0.86,1.31,1.63,2.19,2.29,
4/27/21,0.01,0.02,0.01,0.04,0.06,0.17,0.36,0.88,1.32,1.63,2.18,2.29,
4/26/21,0.02,0.02,0.03,0.04,0.06,0.18,0.35,0.85,1.27,1.58,2.13,2.24,
4/23/21,0.01,0.02,0.03,0.03,0.07,0.16,0.34,0.83,1.26,1.58,2.14,2.25,
4/22/21,0.02,0.02,0.03,0.04,0.06,0.16,0.32,0.81,1.24,1.57,2.13,2.24,
4/21/21,0,0.02,0.03,0.04,0.07,0.15,0.32,0.81,1.24,1.57,2.16,2.26,
4/20/21,0.01,0.02,0.03,0.04,0.07,0.15,0.31,0.81,1.25,1.58,2.16,2.27,
4/19/21,0.01,0.02,0.02,0.04,0.08,0.16,0.34,0.85,1.28,1.61,2.18,2.29,
4/16/21,0.02,0.02,0.02,0.04,0.06,0.16,0.34,0.84,1.26,1.59,2.15,2.26,
4/15/21,0.02,0.01,0.02,0.04,0.06,0.16,0.32,0.81,1.24,1.56,2.13,2.23,
4/14/21,0.02,0.02,0.02,0.04,0.06,0.16,0.35,0.87,1.31,1.64,2.22,2.32,
4/13/21,0.03,0.02,0.03,0.05,0.06,0.16,0.35,0.85,1.29,1.64,2.21,2.32,
4/12/21,0.02,0.02,0.02,0.04,0.06,0.18,0.38,0.89,1.35,1.69,2.24,2.34,
4/9/21,0.02,0.01,0.02,0.03,0.06,0.16,0.35,0.87,1.33,1.67,2.23,2.34,
4/8/21,0.02,0.02,0.01,0.04,0.05,0.14,0.33,0.85,1.3,1.64,2.22,2.32,
4/7/21,0.01,0.02,0.02,0.04,0.06,0.16,0.34,0.87,1.34,1.68,2.26,2.35,
4/6/21,0.02,0.02,0.02,0.04,0.06,0.16,0.35,0.88,1.34,1.67,2.24,2.32,
4/5/21,0.03,0.02,0.03,0.04,0.06,0.17,0.37,0.94,1.4,1.73,2.28,2.36,
4/2/21,0.02,0.02,0.02,0.04,0.07,0.19,0.39,0.97,1.42,1.72,2.27,2.35,
4/1/21,0.02,0.02,0.02,0.04,0.06,0.17,0.35,0.9,1.37,1.69,2.24,2.34,
3/31/21,0.01,0.01,0.03,0.05,0.07,0.16,0.35,0.92,1.4,1.74,2.31,2.41,
3/30/21,0.01,0.01,0.02,0.04,0.06,0.16,0.33,0.9,1.39,1.73,2.29,2.38,
3/29/21,0.02,0.03,0.03,0.04,0.06,0.14,0.32,0.89,1.37,1.73,2.32,2.43,
3/26/21,0.02,0.02,0.02,0.04,0.06,0.14,0.31,0.85,1.32,1.67,2.27,2.37,
3/25/21,0.02,0.03,0.02,0.04,0.07,0.14,0.3,0.82,1.29,1.63,2.24,2.34,
3/24/21,0.02,0.02,0.02,0.04,0.07,0.14,0.31,0.83,1.27,1.62,2.21,2.31,
3/23/21,0.02,0.02,0.01,0.04,0.08,0.15,0.31,0.83,1.29,1.63,2.24,2.34,
3/22/21,0.02,0.02,0.03,0.05,0.06,0.15,0.32,0.87,1.34,1.69,2.29,2.38,
3/19/21,0.01,0.01,0.01,0.03,0.07,0.16,0.33,0.9,1.38,1.74,2.36,2.45,
3/18/21,0.01,0.01,0.01,0.03,0.08,0.16,0.33,0.86,1.35,1.71,2.36,2.45,
3/17/21,0.01,0.02,0.02,0.05,0.07,0.13,0.29,0.8,1.27,1.63,2.32,2.42,
3/16/21,0.01,0.02,0.02,0.06,0.07,0.15,0.33,0.83,1.28,1.62,2.3,2.38,
3/15/21,0.02,0.02,0.04,0.06,0.08,0.14,0.33,0.84,1.28,1.62,2.27,2.37,
3/12/21,0.03,0.03,0.04,0.06,0.09,0.14,0.34,0.85,1.3,1.64,2.31,2.4,
3/11/21,0.04,0.04,0.04,0.05,0.08,0.14,0.31,0.78,1.2,1.54,2.18,2.29,
3/10/21,0.03,0.03,0.04,0.06,0.08,0.16,0.32,0.8,1.2,1.53,2.15,2.24,
3/9/21,0.04,0.04,0.05,0.07,0.1,0.17,0.35,0.83,1.23,1.55,2.16,2.26,
3/8/21,0.04,0.04,0.05,0.06,0.09,0.17,0.34,0.86,1.28,1.59,2.2,2.31,
3/5/21,0.04,0.04,0.04,0.07,0.08,0.14,0.32,0.79,1.23,1.56,2.18,2.28,
3/4/21,0.03,0.05,0.04,0.07,0.08,0.14,0.32,0.77,1.21,1.54,2.18,2.3,
3/3/21,0.04,0.04,0.05,0.07,0.08,0.14,0.29,0.73,1.14,1.47,2.12,2.25,
3/2/21,0.04,0.04,0.04,0.06,0.08,0.13,0.26,0.67,1.08,1.42,2.09,2.21,
3/1/21,0.03,0.03,0.05,0.07,0.08,0.13,0.27,0.71,1.12,1.45,2.11,2.23,
2/26/21,0.04,0.04,0.04,0.05,0.08,0.14,0.3,0.75,1.15,1.44,2.08,2.17,
2/25/21,0.04,0.03,0.04,0.06,0.09,0.17,0.34,0.81,1.23,1.54,2.25,2.33,
2/24/21,0.03,0.03,0.03,0.05,0.08,0.12,0.24,0.62,1.02,1.38,2.07,2.24,
2/23/21,0.03,0.02,0.04,0.05,0.08,0.11,0.22,0.59,1,1.37,2.03,2.21,
2/22/21,0.03,0.02,0.03,0.04,0.06,0.11,0.22,0.61,1,1.37,2.02,2.19,
2/19/21,0.03,0.03,0.04,0.06,0.07,0.11,0.22,0.59,0.98,1.34,1.98,2.14,
2/18/21,0.03,0.03,0.03,0.04,0.06,0.11,0.21,0.56,0.94,1.29,1.91,2.08,
2/17/21,0.03,0.04,0.04,0.06,0.07,0.11,0.21,0.57,0.94,1.29,1.92,2.06,
2/16/21,0.03,0.04,0.04,0.06,0.08,0.13,0.23,0.57,0.94,1.3,1.92,2.08,
2/12/21,0.03,0.04,0.04,0.05,0.06,0.11,0.2,0.5,0.85,1.2,1.83,2.01,
2/11/21,0.05,0.05,0.05,0.06,0.07,0.11,0.19,0.46,0.81,1.16,1.77,1.94,
2/10/21,0.05,0.04,0.05,0.06,0.07,0.11,0.19,0.46,0.8,1.15,1.75,1.92,
2/9/21,0.04,0.04,0.04,0.06,0.07,0.11,0.19,0.48,0.83,1.18,1.78,1.95,
2/8/21,0.04,0.03,0.05,0.05,0.07,0.11,0.2,0.48,0.83,1.19,1.78,1.96,
2/5/21,0.02,0.03,0.03,0.05,0.06,0.09,0.19,0.47,0.83,1.19,1.79,1.97,
2/4/21,0.03,0.04,0.04,0.06,0.07,0.11,0.18,0.46,0.81,1.15,1.75,1.93,
2/3/21,0.03,0.04,0.04,0.06,0.08,0.11,0.19,0.46,0.81,1.15,1.73,1.92,
2/2/21,0.04,0.05,0.07,0.08,0.08,0.11,0.18,0.45,0.79,1.12,1.69,1.87,
2/1/21,0.06,0.07,0.07,0.08,0.08,0.11,0.17,0.42,0.76,1.09,1.66,1.84,
1/29/21,0.07,0.07,0.06,0.07,0.1,0.11,0.19,0.45,0.79,1.11,1.68,1.87,
1/28/21,0.05,0.06,0.07,0.08,0.08,0.12,0.18,0.42,0.75,1.07,1.63,1.81,
1/27/21,0.05,0.06,0.08,0.09,0.09,0.12,0.18,0.41,0.72,1.04,1.6,1.79,
1/26/21,0.05,0.07,0.07,0.09,0.09,0.11,0.18,0.42,0.74,1.05,1.61,1.8,
1/25/21,0.07,0.08,0.09,0.09,0.1,0.13,0.17,0.42,0.73,1.05,1.61,1.8,
1/22/21,0.07,0.08,0.08,0.1,0.1,0.13,0.19,0.44,0.77,1.1,1.66,1.85,
1/21/21,0.07,0.09,0.09,0.09,0.1,0.13,0.19,0.45,0.79,1.12,1.68,1.87,
1/20/21,0.08,0.08,0.08,0.1,0.1,0.13,0.19,0.45,0.78,1.1,1.65,1.84,
1/19/21,0.07,0.09,0.09,0.11,0.1,0.14,0.21,0.45,0.78,1.1,1.65,1.84,
1/15/21,0.08,0.09,0.09,0.1,0.1,0.13,0.2,0.46,0.78,1.11,1.66,1.85,
1/14/21,0.09,0.09,0.09,0.09,0.1,0.16,0.23,0.49,0.82,1.15,1.69,1.88,
1/13/21,0.09,0.08,0.09,0.1,0.12,0.14,0.22,0.48,0.8,1.1,1.63,1.82,
1/12/21,0.09,0.08,0.09,0.09,0.11,0.14,0.23,0.5,0.83,1.15,1.68,1.88,
1/11/21,0.09,0.08,0.08,0.1,0.1,0.14,0.22,0.5,0.84,1.15,1.68,1.88,
1/8/21,0.08,0.08,0.08,0.09,0.1,0.14,0.24,0.49,0.81,1.13,1.67,1.87,
1/7/21,0.09,0.09,0.09,0.09,0.11,0.14,0.22,0.46,0.78,1.08,1.64,1.85,
1/6/21,0.09,0.09,0.09,0.09,0.11,0.14,0.2,0.43,0.74,1.04,1.6,1.81,
1/5/21,0.08,0.09,0.09,0.09,0.1,0.13,0.17,0.38,0.66,0.96,1.49,1.7,
1/4/21,0.09,0.09,0.09,0.09,0.1,0.11,0.16,0.36,0.64,0.93,1.46,1.66,
12/31/20,0.08,0.08,0.09,0.09,0.1,0.13,0.17,0.36,0.65,0.93,1.45,1.65,
12/30/20,0.06,0.06,0.08,0.09,0.12,0.12,0.17,0.37,0.66,0.93,1.46,1.66,
12/29/20,0.08,0.09,0.1,0.12,0.11,0.12,0.17,0.37,0.66,0.94,1.47,1.67,
12/28/20,0.09,0.1,0.11,0.11,0.11,0.13,0.17,0.38,0.65,0.94,1.46,1.67,
12/24/20,0.09,0.09,0.09,0.09,0.1,0.13,0.17,0.37,0.66,0.94,1.46,1.66,
12/23/20,0.07,0.08,0.09,0.09,0.09,0.13,0.18,0.38,0.67,0.96,1.49,1.7,
12/22/20,0.07,0.09,0.09,0.09,0.09,0.13,0.17,0.37,0.64,0.93,1.45,1.65,
12/21/20,0.08,0.09,0.09,0.09,0.09,0.13,0.18,0.39,0.66,0.95,1.48,1.68,
12/18/20,0.08,0.08,0.08,0.09,0.09,0.13,0.19,0.39,0.67,0.95,1.49,1.7,
12/17/20,0.08,0.09,0.08,0.09,0.09,0.13,0.19,0.38,0.66,0.94,1.47,1.68,
12/16/20,0.08,0.08,0.09,0.09,0.09,0.13,0.18,0.37,0.64,0.92,1.46,1.66,
12/15/20,0.07,0.08,0.08,0.08,0.09,0.11,0.18,0.37,0.64,0.92,1.45,1.65,
12/14/20,0.07,0.08,0.09,0.08,0.1,0.13,0.17,0.37,0.63,0.9,1.43,1.63,
12/11/20,0.08,0.08,0.08,0.08,0.1,0.11,0.18,0.37,0.63,0.9,1.42,1.63,
12/10/20,0.07,0.08,0.08,0.09,0.1,0.14,0.2,0.39,0.65,0.92,1.44,1.65,
12/9/20,0.07,0.07,0.08,0.09,0.1,0.16,0.21,0.41,0.68,0.95,1.48,1.69,
12/8/20,0.08,0.08,0.09,0.09,0.1,0.14,0.2,0.39,0.65,0.92,1.46,1.67,
12/7/20,0.09,0.08,0.08,0.1,0.1,0.14,0.2,0.4,0.67,0.94,1.49,1.69,
12/4/20,0.07,0.07,0.09,0.1,0.11,0.16,0.21,0.42,0.7,0.97,1.53,1.73,
12/3/20,0.08,0.08,0.08,0.09,0.1,0.16,0.21,0.4,0.67,0.92,1.46,1.67,
12/2/20,0.07,0.08,0.09,0.1,0.11,0.16,0.22,0.42,0.69,0.95,1.5,1.7,
12/1/20,0.07,0.07,0.09,0.1,0.12,0.17,0.22,0.42,0.68,0.92,1.46,1.66,
11/30/20,0.08,0.08,0.08,0.09,0.11,0.16,0.19,0.36,0.62,0.84,1.37,1.58,
11/27/20,0.09,0.09,0.09,0.1,0.11,0.16,0.2,0.37,0.61,0.84,1.36,1.57,
11/25/20,0.07,0.07,0.09,0.09,0.11,0.17,0.21,0.39,0.65,0.88,1.41,1.62,
11/24/20,0.08,0.08,0.09,0.1,0.11,0.16,0.22,0.39,0.65,0.88,1.4,1.6,
11/23/20,0.08,0.08,0.08,0.08,0.1,0.16,0.22,0.39,0.64,0.86,1.36,1.56,
11/20/20,0.09,0.09,0.07,0.1,0.11,0.16,0.21,0.38,0.62,0.83,1.33,1.53,
11/19/20,0.08,0.08,0.07,0.1,0.11,0.18,0.22,0.39,0.63,0.86,1.38,1.58,
11/18/20,0.07,0.09,0.09,0.1,0.11,0.16,0.22,0.4,0.64,0.88,1.42,1.62,
11/17/20,0.08,0.08,0.09,0.1,0.12,0.18,0.22,0.39,0.63,0.87,1.4,1.62,
11/16/20,0.09,0.1,0.09,0.12,0.12,0.19,0.24,0.41,0.66,0.91,1.44,1.66,
11/13/20,0.1,0.09,0.09,0.1,0.12,0.17,0.23,0.41,0.65,0.89,1.43,1.65,
11/12/20,0.1,0.11,0.1,0.1,0.13,0.17,0.23,0.4,0.64,0.88,1.42,1.64,
11/10/20,0.09,0.09,0.1,0.11,0.12,0.19,0.26,0.46,0.72,0.98,1.53,1.75,
11/9/20,0.1,0.1,0.11,0.11,0.12,0.17,0.25,0.44,0.7,0.96,1.51,1.73,
11/6/20,0.1,0.1,0.1,0.11,0.12,0.16,0.21,0.36,0.59,0.83,1.37,1.6,
11/5/20,0.09,0.1,0.1,0.1,0.12,0.14,0.18,0.33,0.56,0.79,1.32,1.54,
11/4/20,0.08,0.09,0.1,0.1,0.12,0.14,0.18,0.33,0.55,0.78,1.33,1.55,
11/3/20,0.09,0.1,0.1,0.12,0.14,0.17,0.21,0.39,0.65,0.9,1.44,1.66,
11/2/20,0.09,0.09,0.09,0.11,0.13,0.16,0.2,0.38,0.63,0.87,1.41,1.63,
10/30/20,0.08,0.09,0.09,0.11,0.13,0.14,0.19,0.38,0.64,0.88,1.43,1.65,
10/29/20,0.08,0.1,0.09,0.1,0.12,0.16,0.2,0.38,0.61,0.85,1.39,1.62,
10/28/20,0.07,0.09,0.1,0.11,0.12,0.16,0.19,0.34,0.56,0.79,1.34,1.56,
10/27/20,0.08,0.09,0.1,0.11,0.12,0.16,0.19,0.34,0.56,0.79,1.34,1.57,
10/26/20,0.08,0.09,0.11,0.12,0.12,0.16,0.18,0.35,0.58,0.81,1.37,1.59,
10/23/20,0.08,0.09,0.1,0.11,0.12,0.18,0.21,0.37,0.61,0.85,1.41,1.64,
10/22/20,0.09,0.09,0.09,0.11,0.13,0.16,0.21,0.38,0.62,0.87,1.43,1.67,
10/21/20,0.08,0.09,0.1,0.12,0.13,0.14,0.2,0.36,0.58,0.83,1.4,1.62,
10/20/20,0.08,0.09,0.1,0.12,0.13,0.14,0.19,0.34,0.57,0.81,1.37,1.6,
10/19/20,0.09,0.1,0.11,0.11,0.13,0.16,0.19,0.34,0.54,0.78,1.32,1.55,
10/16/20,0.09,0.1,0.11,0.12,0.12,0.14,0.18,0.32,0.53,0.76,1.3,1.52,
10/15/20,0.1,0.1,0.11,0.12,0.12,0.14,0.18,0.32,0.52,0.74,1.29,1.52,
10/14/20,0.1,0.1,0.12,0.12,0.13,0.14,0.18,0.3,0.51,0.73,1.28,1.5,
10/13/20,0.09,0.09,0.11,0.12,0.13,0.16,0.18,0.31,0.52,0.74,1.29,1.52,
10/9/20,0.1,0.11,0.1,0.12,0.15,0.16,0.2,0.34,0.55,0.79,1.34,1.58,
10/8/20,0.09,0.09,0.09,0.12,0.13,0.13,0.18,0.33,0.54,0.78,1.34,1.57,
10/7/20,0.08,0.09,0.1,0.12,0.13,0.16,0.21,0.35,0.56,0.81,1.37,1.6,
10/6/20,0.08,0.09,0.1,0.11,0.14,0.14,0.17,0.32,0.53,0.76,1.33,1.56,
10/5/20,0.09,0.1,0.1,0.11,0.12,0.14,0.19,0.33,0.55,0.78,1.34,1.57,
10/2/20,0.1,0.09,0.09,0.11,0.12,0.13,0.16,0.28,0.48,0.7,1.25,1.48,
10/1/20,0.09,0.09,0.09,0.1,0.12,0.14,0.16,0.27,0.46,0.68,1.23,1.45,
9/30/20,0.08,0.08,0.1,0.11,0.12,0.13,0.16,0.28,0.47,0.69,1.23,1.46,
9/29/20,0.07,0.08,0.09,0.11,0.12,0.11,0.13,0.24,0.44,0.66,1.19,1.41,
9/28/20,0.09,0.1,0.11,0.11,0.12,0.14,0.16,0.26,0.46,0.67,1.2,1.42,
9/25/20,0.08,0.09,0.1,0.11,0.12,0.12,0.15,0.26,0.45,0.66,1.19,1.4,
9/24/20,0.08,0.09,0.1,0.11,0.12,0.14,0.16,0.27,0.46,0.67,1.19,1.4,
9/23/20,0.08,0.09,0.11,0.11,0.13,0.14,0.15,0.28,0.46,0.68,1.21,1.42,
9/22/20,0.08,0.09,0.1,0.11,0.12,0.13,0.15,0.27,0.46,0.68,1.21,1.42,
9/21/20,0.09,0.1,0.1,0.11,0.12,0.14,0.16,0.27,0.46,0.68,1.22,1.43,
9/18/20,0.09,0.1,0.1,0.12,0.13,0.14,0.16,0.29,0.48,0.7,1.24,1.45,
9/17/20,0.09,0.09,0.09,0.11,0.12,0.13,0.16,0.28,0.47,0.69,1.22,1.43,
9/16/20,0.08,0.11,0.12,0.12,0.12,0.14,0.16,0.28,0.47,0.69,1.23,1.45,
9/15/20,0.09,0.1,0.11,0.12,0.13,0.14,0.16,0.27,0.46,0.68,1.21,1.43,
9/14/20,0.1,0.11,0.11,0.13,0.14,0.14,0.16,0.27,0.46,0.68,1.21,1.42,
9/11/20,0.1,0.11,0.11,0.12,0.13,0.13,0.16,0.26,0.45,0.67,1.21,1.42,
9/10/20,0.1,0.11,0.12,0.12,0.15,0.14,0.17,0.26,0.46,0.68,1.22,1.43,
9/9/20,0.1,0.11,0.12,0.14,0.14,0.14,0.17,0.28,0.48,0.71,1.25,1.45,
9/8/20,0.1,0.1,0.13,0.14,0.15,0.14,0.17,0.28,0.47,0.69,1.22,1.43,
9/4/20,0.09,0.1,0.11,0.12,0.13,0.14,0.18,0.3,0.5,0.72,1.25,1.46,
9/3/20,0.1,0.11,0.11,0.12,0.12,0.13,0.15,0.24,0.43,0.63,1.13,1.34,
9/2/20,0.1,0.1,0.12,0.12,0.13,0.14,0.16,0.26,0.45,0.66,1.16,1.38,
9/1/20,0.09,0.11,0.12,0.13,0.12,0.13,0.14,0.26,0.46,0.68,1.2,1.43,
8/31/20,0.08,0.1,0.11,0.13,0.12,0.14,0.15,0.28,0.5,0.72,1.26,1.49,
8/28/20,0.09,0.09,0.1,0.11,0.12,0.14,0.16,0.28,0.51,0.74,1.29,1.52,
8/27/20,0.09,0.1,0.11,0.11,0.13,0.16,0.19,0.31,0.53,0.74,1.28,1.5,
8/26/20,0.08,0.1,0.11,0.12,0.12,0.16,0.18,0.28,0.5,0.69,1.2,1.41,
8/25/20,0.08,0.1,0.11,0.12,0.13,0.15,0.18,0.3,0.49,0.69,1.18,1.39,
8/24/20,0.09,0.1,0.12,0.12,0.14,0.14,0.18,0.28,0.47,0.65,1.14,1.35,
8/21/20,0.07,0.09,0.1,0.12,0.13,0.16,0.16,0.27,0.46,0.64,1.13,1.35,
8/20/20,0.08,0.09,0.11,0.13,0.12,0.13,0.15,0.26,0.46,0.65,1.15,1.38,
8/19/20,0.07,0.09,0.11,0.12,0.13,0.14,0.17,0.29,0.48,0.68,1.2,1.42,
8/18/20,0.08,0.09,0.09,0.13,0.13,0.14,0.17,0.27,0.47,0.67,1.16,1.4,
8/17/20,0.09,0.1,0.1,0.12,0.13,0.14,0.18,0.29,0.49,0.69,1.19,1.43,
8/14/20,0.09,0.1,0.1,0.12,0.13,0.14,0.18,0.29,0.51,0.71,1.21,1.45,
8/13/20,0.08,0.1,0.1,0.12,0.14,0.16,0.19,0.32,0.52,0.71,1.2,1.42,
8/12/20,0.08,0.1,0.11,0.12,0.13,0.16,0.19,0.3,0.5,0.69,1.15,1.37,
8/11/20,0.08,0.1,0.11,0.12,0.15,0.16,0.18,0.27,0.46,0.64,1.1,1.32,
8/10/20,0.09,0.11,0.11,0.13,0.13,0.14,0.15,0.24,0.42,0.59,1.04,1.25,
8/7/20,0.08,0.09,0.1,0.12,0.14,0.13,0.14,0.23,0.41,0.57,1.01,1.23,
8/6/20,0.07,0.11,0.1,0.11,0.14,0.11,0.13,0.21,0.39,0.55,0.98,1.2,
8/5/20,0.08,0.09,0.1,0.12,0.12,0.11,0.13,0.22,0.39,0.55,1,1.22,
8/4/20,0.09,0.09,0.09,0.11,0.14,0.11,0.1,0.19,0.36,0.52,0.96,1.19,
8/3/20,0.09,0.09,0.1,0.11,0.12,0.11,0.13,0.22,0.4,0.56,1.01,1.23,
7/31/20,0.09,0.09,0.09,0.1,0.11,0.11,0.11,0.21,0.39,0.55,0.98,1.2,
7/30/20,0.1,0.1,0.09,0.11,0.11,0.11,0.14,0.23,0.4,0.55,0.98,1.2,
7/29/20,0.09,0.1,0.11,0.12,0.13,0.12,0.15,0.25,0.43,0.58,1.03,1.24,
7/28/20,0.09,0.11,0.11,0.12,0.14,0.14,0.16,0.26,0.44,0.59,1.01,1.22,
7/27/20,0.1,0.1,0.11,0.14,0.14,0.15,0.18,0.3,0.46,0.62,1.05,1.25,
7/24/20,0.1,0.11,0.11,0.14,0.16,0.14,0.17,0.27,0.44,0.59,1.03,1.23,
7/23/20,0.09,0.11,0.12,0.13,0.14,0.16,0.16,0.27,0.44,0.59,1.03,1.24,
7/22/20,0.09,0.12,0.13,0.14,0.14,0.14,0.17,0.27,0.45,0.6,1.08,1.29,
7/21/20,0.09,0.11,0.13,0.13,0.15,0.14,0.17,0.27,0.45,0.61,1.09,1.31,
7/20/20,0.11,0.12,0.13,0.14,0.14,0.16,0.18,0.29,0.47,0.62,1.1,1.32,
7/17/20,0.11,0.11,0.11,0.13,0.14,0.14,0.18,0.29,0.47,0.64,1.11,1.33,
7/16/20,0.12,0.11,0.11,0.13,0.14,0.16,0.17,0.28,0.46,0.62,1.09,1.31,
7/15/20,0.12,0.13,0.16,0.15,0.15,0.16,0.18,0.28,0.47,0.64,1.11,1.33,
7/14/20,0.11,0.14,0.15,0.14,0.17,0.14,0.19,0.28,0.47,0.63,1.09,1.3,
7/13/20,0.11,0.12,0.14,0.15,0.16,0.16,0.19,0.3,0.48,0.64,1.11,1.33,
7/10/20,0.1,0.12,0.13,0.15,0.15,0.16,0.19,0.3,0.49,0.65,1.12,1.33,
7/9/20,0.11,0.12,0.13,0.16,0.15,0.16,0.18,0.28,0.46,0.62,1.09,1.32,
7/8/20,0.11,0.13,0.15,0.17,0.15,0.16,0.19,0.3,0.49,0.67,1.16,1.39,
7/7/20,0.12,0.14,0.15,0.17,0.15,0.16,0.19,0.29,0.48,0.65,1.15,1.38,
7/6/20,0.12,0.14,0.15,0.16,0.16,0.16,0.19,0.31,0.51,0.69,1.21,1.45,
7/2/20,0.13,0.14,0.14,0.16,0.16,0.16,0.19,0.29,0.5,0.68,1.2,1.43,
7/1/20,0.12,0.12,0.14,0.17,0.16,0.17,0.19,0.31,0.52,0.69,1.2,1.43,
6/30/20,0.13,0.14,0.16,0.18,0.16,0.16,0.18,0.29,0.49,0.66,1.18,1.41,
6/29/20,0.11,0.14,0.14,0.18,0.16,0.16,0.18,0.28,0.47,0.64,1.16,1.39,
6/26/20,0.12,0.15,0.14,0.17,0.17,0.17,0.19,0.3,0.49,0.64,1.15,1.37,
6/25/20,0.13,0.14,0.16,0.17,0.17,0.17,0.21,0.32,0.53,0.68,1.2,1.43,
6/24/20,0.11,0.14,0.15,0.17,0.17,0.19,0.21,0.33,0.52,0.69,1.21,1.44,
6/23/20,0.12,0.14,0.16,0.17,0.18,0.18,0.22,0.33,0.54,0.72,1.25,1.49,
6/22/20,0.14,0.15,0.16,0.18,0.17,0.19,0.22,0.34,0.54,0.71,1.23,1.46,
6/19/20,0.13,0.14,0.15,0.17,0.18,0.19,0.22,0.33,0.53,0.7,1.23,1.47,
6/18/20,0.13,0.14,0.16,0.17,0.19,0.19,0.22,0.34,0.54,0.71,1.24,1.47,
6/17/20,0.13,0.15,0.17,0.18,0.19,0.19,0.23,0.34,0.55,0.74,1.3,1.52,
6/16/20,0.14,0.15,0.17,0.19,0.18,0.21,0.23,0.34,0.56,0.75,1.31,1.54,
6/15/20,0.15,0.16,0.18,0.19,0.17,0.19,0.22,0.33,0.54,0.71,1.24,1.45,
6/12/20,0.14,0.15,0.16,0.18,0.18,0.19,0.22,0.33,0.54,0.71,1.24,1.45,
6/11/20,0.14,0.16,0.17,0.18,0.19,0.19,0.22,0.32,0.51,0.66,1.19,1.41,
6/10/20,0.13,0.16,0.17,0.19,0.18,0.17,0.22,0.33,0.56,0.75,1.31,1.53,
6/9/20,0.14,0.17,0.19,0.19,0.19,0.2,0.25,0.4,0.65,0.84,1.37,1.59,
6/8/20,0.15,0.15,0.17,0.19,0.19,0.22,0.29,0.45,0.69,0.88,1.43,1.65,
6/5/20,0.13,0.14,0.15,0.18,0.18,0.22,0.29,0.47,0.71,0.91,1.46,1.68,
6/4/20,0.13,0.15,0.15,0.18,0.17,0.19,0.26,0.4,0.63,0.82,1.38,1.61,
6/3/20,0.12,0.14,0.16,0.19,0.17,0.19,0.26,0.38,0.59,0.77,1.32,1.56,
6/2/20,0.12,0.13,0.15,0.18,0.17,0.17,0.2,0.32,0.52,0.68,1.24,1.48,
6/1/20,0.12,0.14,0.14,0.18,0.17,0.14,0.2,0.31,0.5,0.66,1.22,1.46,
5/29/20,0.13,0.14,0.14,0.18,0.17,0.16,0.19,0.3,0.5,0.65,1.18,1.41,
5/28/20,0.14,0.15,0.15,0.18,0.17,0.17,0.22,0.34,0.54,0.7,1.23,1.47,
5/27/20,0.11,0.14,0.15,0.17,0.18,0.19,0.22,0.34,0.52,0.68,1.19,1.44,
5/26/20,0.1,0.12,0.14,0.17,0.17,0.18,0.22,0.35,0.53,0.69,1.19,1.43,
5/22/20,0.09,0.11,0.12,0.16,0.17,0.17,0.21,0.34,0.51,0.66,1.12,1.37,
5/21/20,0.09,0.11,0.12,0.14,0.16,0.17,0.21,0.35,0.53,0.68,1.16,1.4,
5/20/20,0.08,0.11,0.12,0.14,0.16,0.16,0.21,0.34,0.53,0.68,1.19,1.4,
5/19/20,0.09,0.11,0.13,0.15,0.16,0.17,0.22,0.35,0.54,0.7,1.15,1.43,
5/18/20,0.1,0.11,0.13,0.15,0.17,0.18,0.24,0.38,0.57,0.73,1.17,1.44,
5/15/20,0.09,0.09,0.12,0.15,0.15,0.16,0.19,0.31,0.49,0.64,1.05,1.32,
5/14/20,0.09,0.1,0.12,0.15,0.15,0.16,0.2,0.31,0.48,0.63,1.03,1.3,
5/13/20,0.1,0.1,0.13,0.15,0.15,0.16,0.2,0.31,0.5,0.64,1.07,1.35,
5/12/20,0.1,0.11,0.13,0.16,0.16,0.17,0.22,0.34,0.53,0.69,1.11,1.38,
5/11/20,0.09,0.11,0.12,0.16,0.16,0.17,0.24,0.36,0.56,0.73,1.16,1.43,
5/8/20,0.1,0.11,0.12,0.15,0.15,0.16,0.21,0.33,0.53,0.69,1.12,1.39,
5/7/20,0.1,0.11,0.11,0.14,0.15,0.13,0.19,0.29,0.49,0.63,1.05,1.31,
5/6/20,0.08,0.1,0.12,0.16,0.16,0.17,0.24,0.37,0.57,0.72,1.16,1.41,
5/5/20,0.09,0.11,0.13,0.15,0.16,0.19,0.24,0.36,0.53,0.66,1.07,1.32,
5/4/20,0.1,0.1,0.13,0.14,0.16,0.19,0.24,0.36,0.52,0.64,1.05,1.29,
5/1/20,0.1,0.11,0.12,0.12,0.17,0.2,0.25,0.36,0.53,0.64,1.04,1.27,
4/30/20,0.1,0.1,0.09,0.11,0.16,0.2,0.24,0.36,0.53,0.64,1.05,1.28,
4/29/20,0.1,0.09,0.1,0.12,0.18,0.2,0.24,0.36,0.52,0.63,1.02,1.24,
4/28/20,0.08,0.09,0.11,0.13,0.16,0.2,0.26,0.37,0.52,0.62,1,1.2,
4/27/20,0.09,0.13,0.12,0.15,0.17,0.24,0.29,0.41,0.56,0.67,1.06,1.25,
4/24/20,0.1,0.11,0.12,0.14,0.18,0.22,0.26,0.36,0.51,0.6,0.98,1.17,
4/23/20,0.09,0.12,0.11,0.14,0.17,0.22,0.26,0.37,0.51,0.61,0.99,1.18,
4/22/20,0.09,0.09,0.12,0.14,0.16,0.22,0.26,0.37,0.52,0.63,1.03,1.22,
4/21/20,0.08,0.08,0.11,0.14,0.17,0.2,0.24,0.34,0.48,0.58,0.98,1.17,
4/20/20,0.1,0.1,0.12,0.15,0.15,0.2,0.26,0.35,0.51,0.63,1.04,1.23,
4/17/20,0.12,0.12,0.12,0.16,0.16,0.2,0.26,0.36,0.53,0.65,1.08,1.27,
4/16/20,0.14,0.15,0.14,0.18,0.17,0.2,0.25,0.35,0.5,0.61,1.01,1.21,
4/15/20,0.14,0.15,0.14,0.19,0.19,0.2,0.24,0.34,0.49,0.63,1.06,1.27,
4/14/20,0.17,0.19,0.2,0.24,0.25,0.23,0.29,0.42,0.61,0.76,1.19,1.41,
4/13/20,0.17,0.29,0.26,0.27,0.27,0.25,0.31,0.44,0.63,0.76,1.19,1.39,
4/9/20,0.2,0.27,0.25,0.24,0.25,0.23,0.29,0.41,0.6,0.73,1.15,1.35,
4/8/20,0.14,0.17,0.22,0.24,0.23,0.27,0.34,0.47,0.65,0.77,1.18,1.37,
4/7/20,0.1,0.13,0.14,0.2,0.2,0.28,0.36,0.48,0.64,0.75,1.13,1.32,
4/6/20,0.09,0.13,0.15,0.17,0.2,0.27,0.35,0.44,0.58,0.67,1.08,1.27,
4/3/20,0.09,0.11,0.1,0.15,0.15,0.23,0.3,0.39,0.52,0.62,1.05,1.24,
4/2/20,0.09,0.1,0.09,0.15,0.14,0.23,0.29,0.39,0.53,0.63,1.04,1.26,
4/1/20,0.03,0.07,0.09,0.14,0.16,0.23,0.28,0.37,0.51,0.62,1.04,1.27,
3/31/20,0.05,0.12,0.11,0.15,0.17,0.23,0.29,0.37,0.55,0.7,1.15,1.35,
3/30/20,0.04,0.07,0.12,0.12,0.14,0.23,0.29,0.39,0.57,0.7,1.1,1.31,
3/27/20,0.01,0.03,0.03,0.02,0.11,0.25,0.3,0.41,0.6,0.72,1.09,1.29,
3/26/20,0.01,0.01,0,0.04,0.13,0.3,0.36,0.51,0.72,0.83,1.2,1.42,
3/25/20,0,0,0,0.07,0.19,0.34,0.41,0.56,0.77,0.88,1.23,1.45,
3/24/20,0.01,0.01,0.01,0.09,0.25,0.38,0.44,0.52,0.75,0.84,1.19,1.39,
3/23/20,0.01,0.04,0.02,0.08,0.17,0.28,0.31,0.38,0.63,0.76,1.12,1.33,
3/20/20,0.04,0.05,0.05,0.05,0.15,0.37,0.41,0.52,0.82,0.92,1.35,1.55,
3/19/20,0.04,0.04,0.04,0.06,0.2,0.44,0.53,0.66,1,1.12,1.56,1.78,
3/18/20,0.04,0.03,0.02,0.08,0.21,0.54,0.66,0.79,1.08,1.18,1.6,1.77,
3/17/20,0.12,0.18,0.19,0.24,0.3,0.47,0.54,0.66,0.91,1.02,1.45,1.63,
3/16/20,0.25,0.25,0.24,0.29,0.29,0.36,0.43,0.49,0.67,0.73,1.1,1.34,
3/13/20,0.33,0.3,0.28,0.38,0.38,0.49,0.58,0.7,0.89,0.94,1.31,1.56,
3/12/20,0.41,0.33,0.33,0.37,0.39,0.5,0.58,0.66,0.82,0.88,1.27,1.49,
3/11/20,0.42,0.42,0.42,0.4,0.4,0.5,0.58,0.66,0.78,0.82,1.13,1.3,
3/10/20,0.57,0.55,0.44,0.43,0.43,0.5,0.58,0.63,0.73,0.76,1.16,1.28,
3/9/20,0.57,0.52,0.33,0.27,0.31,0.38,0.4,0.46,0.56,0.54,0.87,0.99,
3/6/20,0.79,0.64,0.45,0.41,0.39,0.49,0.53,0.58,0.69,0.74,1.09,1.25,
3/5/20,0.92,0.83,0.62,0.53,0.48,0.59,0.61,0.67,0.81,0.92,1.34,1.56,
3/4/20,1,0.87,0.72,0.68,0.59,0.67,0.68,0.75,0.9,1.02,1.45,1.67,
3/3/20,1.11,1.05,0.95,0.83,0.73,0.71,0.72,0.77,0.91,1.02,1.44,1.64,
3/2/20,1.41,1.27,1.13,0.95,0.89,0.84,0.85,0.88,1.01,1.1,1.46,1.66,
2/28/20,1.45,1.37,1.27,1.11,0.97,0.86,0.85,0.89,1.03,1.13,1.46,1.65,
2/27/20,1.56,1.53,1.45,1.33,1.18,1.11,1.08,1.11,1.22,1.3,1.61,1.79,
2/26/20,1.59,1.56,1.53,1.42,1.26,1.16,1.14,1.14,1.25,1.33,1.64,1.81,
2/25/20,1.59,1.58,1.53,1.47,1.3,1.2,1.16,1.16,1.25,1.33,1.63,1.8,
2/24/20,1.6,1.59,1.53,1.49,1.35,1.26,1.21,1.21,1.3,1.38,1.68,1.84,
2/21/20,1.6,1.6,1.56,1.53,1.43,1.34,1.3,1.3,1.39,1.46,1.75,1.9,
2/20/20,1.61,1.6,1.58,1.55,1.46,1.39,1.35,1.37,1.45,1.52,1.81,1.97,
2/19/20,1.61,1.61,1.58,1.56,1.47,1.42,1.39,1.41,1.5,1.56,1.86,2.01,
2/18/20,1.61,1.6,1.58,1.56,1.47,1.41,1.37,1.39,1.48,1.55,1.85,2,
2/14/20,1.6,1.6,1.58,1.56,1.49,1.42,1.4,1.42,1.51,1.59,1.89,2.04,
2/13/20,1.59,1.59,1.59,1.56,1.48,1.44,1.42,1.43,1.53,1.61,1.91,2.07,
2/12/20,1.57,1.59,1.58,1.56,1.49,1.44,1.42,1.45,1.55,1.62,1.93,2.09,
2/11/20,1.57,1.58,1.57,1.55,1.48,1.41,1.39,1.4,1.5,1.59,1.89,2.05,
2/10/20,1.58,1.58,1.58,1.58,1.45,1.37,1.36,1.38,1.47,1.56,1.87,2.03,
2/7/20,1.57,1.58,1.56,1.57,1.49,1.41,1.39,1.41,1.51,1.59,1.89,2.05,
2/6/20,1.59,1.59,1.57,1.58,1.51,1.44,1.43,1.45,1.56,1.65,1.94,2.11,
2/5/20,1.55,1.56,1.57,1.57,1.49,1.44,1.43,1.46,1.57,1.66,1.97,2.14,
2/4/20,1.55,1.57,1.57,1.57,1.48,1.41,1.4,1.42,1.52,1.61,1.91,2.08,
2/3/20,1.56,1.57,1.57,1.56,1.46,1.36,1.34,1.35,1.45,1.54,1.84,2.01,
1/31/20,1.56,1.57,1.55,1.54,1.45,1.33,1.3,1.32,1.42,1.51,1.83,1.99,
1/30/20,1.59,1.58,1.57,1.57,1.48,1.41,1.37,1.39,1.49,1.57,1.88,2.04,
1/29/20,1.52,1.55,1.56,1.57,1.51,1.42,1.39,1.41,1.51,1.6,1.89,2.05,
1/28/20,1.53,1.57,1.57,1.58,1.53,1.45,1.45,1.47,1.56,1.65,1.95,2.1,
1/27/20,1.53,1.55,1.55,1.57,1.53,1.44,1.41,1.44,1.52,1.61,1.91,2.05,
1/24/20,1.54,1.55,1.54,1.55,1.55,1.49,1.48,1.51,1.61,1.7,2,2.14,
1/23/20,1.55,1.57,1.55,1.56,1.55,1.51,1.51,1.55,1.65,1.74,2.03,2.18,
1/22/20,1.52,1.53,1.55,1.56,1.55,1.53,1.52,1.57,1.68,1.77,2.07,2.22,
1/21/20,1.52,1.54,1.56,1.57,1.54,1.53,1.53,1.57,1.69,1.78,2.1,2.23,
1/17/20,1.54,1.56,1.56,1.57,1.56,1.58,1.56,1.63,1.74,1.84,2.16,2.29,
1/16/20,1.54,1.56,1.55,1.56,1.54,1.58,1.58,1.63,1.73,1.81,2.11,2.26,
1/15/20,1.53,1.56,1.57,1.58,1.54,1.56,1.56,1.6,1.71,1.79,2.09,2.23,
1/14/20,1.53,1.56,1.57,1.57,1.53,1.58,1.59,1.63,1.74,1.82,2.12,2.27,
1/13/20,1.54,1.56,1.57,1.57,1.53,1.58,1.6,1.65,1.76,1.85,2.16,2.3,
1/10/20,1.52,1.55,1.54,1.55,1.53,1.56,1.59,1.63,1.74,1.83,2.14,2.28,
1/9/20,1.53,1.55,1.54,1.56,1.54,1.58,1.59,1.65,1.77,1.85,2.17,2.38,
1/8/20,1.5,1.53,1.54,1.56,1.55,1.58,1.61,1.67,1.78,1.87,2.21,2.35,
1/7/20,1.52,1.53,1.54,1.56,1.53,1.54,1.55,1.62,1.74,1.83,2.16,2.31,
1/6/20,1.54,1.54,1.56,1.56,1.54,1.54,1.56,1.61,1.72,1.81,2.13,2.28,
1/3/20,1.52,1.55,1.52,1.55,1.55,1.53,1.54,1.59,1.71,1.8,2.11,2.26,
1/2/20,1.53,1.55,1.54,1.57,1.56,1.58,1.59,1.67,1.79,1.88,2.19,2.33,