,trade_id,asset,dt_enter,dt_exit,success,n,rtn
0,1,IVV,2020-01-03,2020-01-08 00:00:00,1,4,0.002487582713292023
1,2,IVV,2020-01-06,,0,3,0.0
2,3,IVV,2020-01-07,,0,3,0.0
3,4,IVV,2020-01-08,,0,3,0.0
4,5,IVV,2020-01-09,,0,3,0.0
5,6,IVV,2020-01-10,,0,3,0.0
6,7,IVV,2020-01-13,,0,3,0.0
7,8,IVV,2020-01-14,,0,3,0.0
8,9,IVV,2020-01-15,,0,3,0.0
9,10,IVV,2020-01-16,,0,4,0.0
10,11,IVV,2020-01-17,,0,4,0.0
11,12,IVV,2020-01-21,,0,3,0.0
12,13,IVV,2020-01-22,2020-01-31 00:00:00,-1,8,-0.0023786894993227435
13,14,IVV,2020-01-23,2020-01-31 00:00:00,-1,7,-0.00274885268036833
14,15,IVV,2020-01-24,2020-01-31 00:00:00,-1,6,-0.003414238230378584
15,16,IVV,2020-01-27,2020-02-03 00:00:00,-1,6,-0.0006998840407425075
16,17,IVV,2020-01-28,,0,3,0.0
17,18,IVV,2020-01-29,2020-01-30 00:00:00,1,2,0.004975165426584046
18,19,IVV,2020-01-30,2020-02-04 00:00:00,1,4,0.002487582713292023
19,20,IVV,2020-01-31,2020-02-04 00:00:00,1,3,0.003316776951056031
20,21,IVV,2020-02-03,,0,3,0.0
21,22,IVV,2020-02-04,,0,3,0.0
22,23,IVV,2020-02-05,,0,3,0.0
23,24,IVV,2020-02-06,,0,3,0.0
24,25,IVV,2020-02-07,,0,3,0.0
25,26,IVV,2020-02-10,,0,3,0.0
26,27,IVV,2020-02-11,,0,3,0.0
27,28,IVV,2020-02-12,,0,3,0.0
28,29,IVV,2020-02-13,,0,4,0.0
29,30,IVV,2020-02-14,,0,4,0.0
30,31,IVV,2020-02-18,2020-02-27 00:00:00,-1,8,-0.014585640267478724
31,32,IVV,2020-02-19,2020-02-28 00:00:00,-1,8,-0.01546461308268613
32,33,IVV,2020-02-20,2020-02-27 00:00:00,-1,6,-0.01984425148104786
33,34,IVV,2020-02-21,2020-02-28 00:00:00,-1,6,-0.020733913683343774
34,35,IVV,2020-02-24,2020-03-02 00:00:00,-1,6,-0.011041426579481532
35,36,IVV,2020-02-25,2020-03-03 00:00:00,-1,6,-0.010232172000973204
36,37,IVV,2020-02-26,2020-03-03 00:00:00,1,5,0.0019900661706336183
37,38,IVV,2020-02-27,2020-03-03 00:00:00,1,4,0.002487582713292023
38,39,IVV,2020-02-28,2020-03-02 00:00:00,1,2,0.004975165426584046
39,40,IVV,2020-03-02,,0,3,0.0
40,41,IVV,2020-03-03,2020-03-04 00:00:00,1,2,0.004975165426584046
41,42,IVV,2020-03-04,2020-03-13 00:00:00,-1,8,-0.011819580554006021
42,43,IVV,2020-03-05,2020-03-12 00:00:00,-1,6,-0.03740467883442775
43,44,IVV,2020-03-06,2020-03-13 00:00:00,-1,6,-0.017005552462511387
44,45,IVV,2020-03-09,2020-03-16 00:00:00,-1,6,-0.034706740993635805
45,46,IVV,2020-03-10,2020-03-11 00:00:00,1,2,0.004975165426584046
46,47,IVV,2020-03-11,2020-03-18 00:00:00,-1,6,-0.02879331339106875
47,48,IVV,2020-03-12,2020-03-19 00:00:00,-1,6,-0.01987666641986501
48,49,IVV,2020-03-13,2020-03-17 00:00:00,1,3,0.003316776951056031
49,50,IVV,2020-03-16,2020-03-23 00:00:00,-1,6,-0.029922595674678133
50,51,IVV,2020-03-17,2020-03-18 00:00:00,1,2,0.004975165426584046
51,52,IVV,2020-03-18,2020-03-25 00:00:00,1,6,0.0016583884755280154
52,53,IVV,2020-03-19,2020-03-19 00:00:00,1,1,0.009950330853168092
53,54,IVV,2020-03-20,2020-03-24 00:00:00,1,3,0.003316776951056031
54,55,IVV,2020-03-23,2020-03-24 00:00:00,1,2,0.004975165426584046
55,56,IVV,2020-03-24,,0,3,0.0
56,57,IVV,2020-03-25,2020-03-25 00:00:00,1,1,0.009950330853168092
57,58,IVV,2020-03-26,,0,3,0.0
58,59,IVV,2020-03-27,2020-03-30 00:00:00,1,2,0.004975165426584046
59,60,IVV,2020-03-30,2020-04-06 00:00:00,1,6,0.0016583884755280154
60,61,IVV,2020-03-31,2020-04-06 00:00:00,1,5,0.0019900661706336183
61,62,IVV,2020-04-01,2020-04-06 00:00:00,1,4,0.002487582713292023
62,63,IVV,2020-04-02,,0,3,0.0
63,64,IVV,2020-04-03,2020-04-06 00:00:00,1,2,0.004975165426584046
64,65,IVV,2020-04-06,,0,3,0.0
65,66,IVV,2020-04-07,,0,3,0.0
66,67,IVV,2020-04-08,,0,4,0.0
67,68,IVV,2020-04-09,,0,4,0.0
68,69,IVV,2020-04-13,2020-04-14 00:00:00,1,2,0.004975165426584046
69,70,IVV,2020-04-14,,0,3,0.0
70,71,IVV,2020-04-15,2020-04-17 00:00:00,1,3,0.003316776951056031
71,72,IVV,2020-04-16,,0,3,0.0
72,73,IVV,2020-04-17,2020-04-22 00:00:00,1,4,0.002487582713292023
73,74,IVV,2020-04-20,2020-04-27 00:00:00,1,6,0.001658388475528052
74,75,IVV,2020-04-21,2020-04-23 00:00:00,1,3,0.003316776951056031
75,76,IVV,2020-04-22,,0,3,0.0
76,77,IVV,2020-04-23,,0,3,0.0
77,78,IVV,2020-04-24,,0,3,0.0
78,79,IVV,2020-04-27,,0,3,0.0
79,80,IVV,2020-04-28,,0,3,0.0
80,81,IVV,2020-04-29,2020-05-05 00:00:00,1,5,0.0019900661706336626
81,82,IVV,2020-04-30,2020-05-07 00:00:00,-1,6,-0.0014717306720422282
82,83,IVV,2020-05-01,2020-05-08 00:00:00,1,6,0.0016583884755280154
83,84,IVV,2020-05-04,2020-05-04 00:00:00,1,1,0.009950330853168092
84,85,IVV,2020-05-05,,0,3,0.0
85,86,IVV,2020-05-06,,0,3,0.0
86,87,IVV,2020-05-07,,0,3,0.0
87,88,IVV,2020-05-08,,0,3,0.0
88,89,IVV,2020-05-11,2020-05-18 00:00:00,1,6,0.0016583884755280154
89,90,IVV,2020-05-12,2020-05-18 00:00:00,1,5,0.0019900661706336626
90,91,IVV,2020-05-13,2020-05-18 00:00:00,1,4,0.002487582713292023
91,92,IVV,2020-05-14,2020-05-14 00:00:00,1,1,0.009950330853168092
92,93,IVV,2020-05-15,2020-05-15 00:00:00,1,1,0.009950330853168092
93,94,IVV,2020-05-18,,0,3,0.0
94,95,IVV,2020-05-19,2020-05-20 00:00:00,1,2,0.004975165426584046
95,96,IVV,2020-05-20,,0,3,0.0
96,97,IVV,2020-05-21,2020-05-26 00:00:00,1,4,0.002487582713292023
97,98,IVV,2020-05-22,,0,4,0.0
98,99,IVV,2020-05-26,,0,3,0.0
99,100,IVV,2020-05-27,,0,3,0.0
100,101,IVV,2020-05-28,2020-05-29 00:00:00,1,2,0.004975165426584046
101,102,IVV,2020-05-29,2020-05-29 00:00:00,1,1,0.009950330853168092
102,103,IVV,2020-06-01,,0,3,0.0
103,104,IVV,2020-06-02,,0,3,0.0
104,105,IVV,2020-06-03,,0,3,0.0
105,106,IVV,2020-06-04,2020-06-05 00:00:00,1,2,0.004975165426584046
106,107,IVV,2020-06-05,,0,3,0.0
107,108,IVV,2020-06-08,,0,3,0.0
108,109,IVV,2020-06-09,2020-06-16 00:00:00,-1,6,-0.004401233744303235
109,110,IVV,2020-06-10,2020-06-18 00:00:00,-1,7,-0.003249726000895695
110,111,IVV,2020-06-11,2020-06-18 00:00:00,-1,6,-0.002805554184266533
111,112,IVV,2020-06-12,2020-06-15 00:00:00,1,2,0.004975165426584046
112,113,IVV,2020-06-15,2020-06-15 00:00:00,1,1,0.009950330853168092
113,114,IVV,2020-06-16,,0,3,0.0
114,115,IVV,2020-06-17,2020-06-19 00:00:00,1,3,0.003316776951055957
115,116,IVV,2020-06-18,2020-06-22 00:00:00,1,3,0.003316776951056104
116,117,IVV,2020-06-19,2020-06-22 00:00:00,1,2,0.004975165426584046
117,118,IVV,2020-06-22,2020-06-30 00:00:00,1,7,0.0014214758361668703
118,119,IVV,2020-06-23,2020-07-01 00:00:00,1,7,0.0014214758361668703
119,120,IVV,2020-06-24,2020-07-01 00:00:00,-1,6,0.0009272832079846453
120,121,IVV,2020-06-25,2020-06-29 00:00:00,1,3,0.003316776951056031
121,122,IVV,2020-06-26,2020-06-30 00:00:00,1,3,0.003316776951056031
122,123,IVV,2020-06-29,,0,3,0.0
123,124,IVV,2020-06-30,,0,3,0.0
124,125,IVV,2020-07-01,,0,4,0.0
125,126,IVV,2020-07-02,,0,4,0.0
126,127,IVV,2020-07-06,,0,3,0.0
127,128,IVV,2020-07-07,2020-07-09 00:00:00,1,3,0.003316776951056031
128,129,IVV,2020-07-08,,0,3,0.0
129,130,IVV,2020-07-09,2020-07-10 00:00:00,1,2,0.004975165426584046
130,131,IVV,2020-07-10,,0,3,0.0
131,132,IVV,2020-07-13,2020-07-14 00:00:00,1,2,0.004975165426584046
132,133,IVV,2020-07-14,,0,3,0.0
133,134,IVV,2020-07-15,,0,3,0.0
134,135,IVV,2020-07-16,,0,3,0.0
135,136,IVV,2020-07-17,,0,3,0.0
136,137,IVV,2020-07-20,,0,3,0.0
137,138,IVV,2020-07-21,,0,3,0.0
138,139,IVV,2020-07-22,2020-07-29 00:00:00,1,6,0.0016583884755280154
139,140,IVV,2020-07-23,2020-07-30 00:00:00,-1,6,0.00018969983334333673
140,141,IVV,2020-07-24,2020-07-27 00:00:00,1,2,0.004975165426584046
141,142,IVV,2020-07-27,,0,3,0.0
142,143,IVV,2020-07-28,2020-07-30 00:00:00,1,3,0.003316776951056031
143,144,IVV,2020-07-29,,0,3,0.0
144,145,IVV,2020-07-30,2020-07-31 00:00:00,1,2,0.004975165426584046
145,146,IVV,2020-07-31,,0,3,0.0
146,147,IVV,2020-08-03,,0,3,0.0
147,148,IVV,2020-08-04,,0,3,0.0
148,149,IVV,2020-08-05,,0,3,0.0
149,150,IVV,2020-08-06,,0,3,0.0
150,151,IVV,2020-08-07,,0,3,0.0
151,152,IVV,2020-08-10,,0,3,0.0
152,153,IVV,2020-08-11,2020-08-12 00:00:00,1,2,0.004975165426584046
153,154,IVV,2020-08-12,,0,3,0.0
154,155,IVV,2020-08-13,,0,3,0.0
155,156,IVV,2020-08-14,,0,3,0.0
156,157,IVV,2020-08-17,,0,3,0.0
157,158,IVV,2020-08-18,,0,3,0.0
158,159,IVV,2020-08-19,2020-08-21 00:00:00,1,3,0.003316776951056031
159,160,IVV,2020-08-20,,0,3,0.0
160,161,IVV,2020-08-21,,0,3,0.0
161,162,IVV,2020-08-24,,0,3,0.0
162,163,IVV,2020-08-25,,0,3,0.0
163,164,IVV,2020-08-26,,0,3,0.0
164,165,IVV,2020-08-27,,0,3,0.0
165,166,IVV,2020-08-28,,0,3,0.0
166,167,IVV,2020-08-31,,0,3,0.0
167,168,IVV,2020-09-01,2020-09-11 00:00:00,-1,9,-0.003867729066336473
168,169,IVV,2020-09-02,2020-09-11 00:00:00,-1,8,-0.005519193608585802
169,170,IVV,2020-09-03,2020-09-11 00:00:00,-1,7,-0.008383269122937239
170,171,IVV,2020-09-04,2020-09-14 00:00:00,-1,7,-0.0014679166361665993
171,172,IVV,2020-09-08,2020-09-15 00:00:00,-1,6,0.000503340508547727
172,173,IVV,2020-09-09,,0,3,0.0
173,174,IVV,2020-09-10,2020-09-14 00:00:00,1,3,0.003316776951056031
174,175,IVV,2020-09-11,,0,3,0.0
175,176,IVV,2020-09-14,,0,3,0.0
176,177,IVV,2020-09-15,2020-09-24 00:00:00,-1,8,-0.004478271501718207
177,178,IVV,2020-09-16,2020-09-24 00:00:00,-1,7,-0.0058422755629225715
178,179,IVV,2020-09-17,2020-09-24 00:00:00,-1,6,-0.0061542196763844795
179,180,IVV,2020-09-18,2020-09-25 00:00:00,-1,6,-0.002028748560622674
180,181,IVV,2020-09-21,2020-09-22 00:00:00,1,2,0.004975165426584046
181,182,IVV,2020-09-22,2020-09-25 00:00:00,1,4,0.002487582713292023
182,183,IVV,2020-09-23,2020-09-28 00:00:00,1,4,0.002487582713292023
183,184,IVV,2020-09-24,,0,3,0.0
184,185,IVV,2020-09-25,,0,3,0.0
185,186,IVV,2020-09-28,,0,3,0.0
186,187,IVV,2020-09-29,,0,3,0.0
187,188,IVV,2020-09-30,,0,3,0.0
188,189,IVV,2020-10-01,2020-10-05 00:00:00,1,3,0.003316776951056031
189,190,IVV,2020-10-02,2020-10-05 00:00:00,1,2,0.004975165426584046
190,191,IVV,2020-10-05,,0,3,0.0
191,192,IVV,2020-10-06,2020-10-07 00:00:00,1,2,0.004975165426584046
192,193,IVV,2020-10-07,,0,3,0.0
193,194,IVV,2020-10-08,,0,3,0.0
194,195,IVV,2020-10-09,,0,3,0.0
195,196,IVV,2020-10-12,,0,3,0.0
196,197,IVV,2020-10-13,2020-10-21 00:00:00,-1,7,-0.0025729595233294532
197,198,IVV,2020-10-14,2020-10-16 00:00:00,1,3,0.003316776951056031
198,199,IVV,2020-10-15,2020-10-16 00:00:00,1,2,0.004975165426584046
199,200,IVV,2020-10-16,2020-10-26 00:00:00,-1,7,-0.0019496159719939253
200,201,IVV,2020-10-19,2020-10-26 00:00:00,-1,6,-0.002129674814021877
201,202,IVV,2020-10-20,,0,3,0.0
202,203,IVV,2020-10-21,,0,3,0.0
203,204,IVV,2020-10-22,2020-11-02 00:00:00,-1,8,-0.003386530842393782
204,205,IVV,2020-10-23,2020-11-02 00:00:00,-1,7,-0.004682035231473278
205,206,IVV,2020-10-26,2020-11-02 00:00:00,-1,6,-0.005992100251641884
206,207,IVV,2020-10-27,2020-11-04 00:00:00,1,7,0.0014214758361668703
207,208,IVV,2020-10-28,2020-11-03 00:00:00,1,5,0.0019900661706336183
208,209,IVV,2020-10-29,2020-11-02 00:00:00,1,3,0.003316776951056031
209,210,IVV,2020-10-30,2020-11-02 00:00:00,1,2,0.004975165426584046
210,211,IVV,2020-11-02,,0,3,0.0
211,212,IVV,2020-11-03,,0,3,0.0
212,213,IVV,2020-11-04,,0,3,0.0
213,214,IVV,2020-11-05,,0,3,0.0
214,215,IVV,2020-11-06,,0,3,0.0
215,216,IVV,2020-11-09,,0,3,0.0
216,217,IVV,2020-11-10,2020-11-11 00:00:00,1,2,0.004975165426584156
217,218,IVV,2020-11-11,,0,3,0.0
218,219,IVV,2020-11-12,2020-11-13 00:00:00,1,2,0.004975165426584046
219,220,IVV,2020-11-13,,0,3,0.0
220,221,IVV,2020-11-16,,0,3,0.0
221,222,IVV,2020-11-17,2020-11-24 00:00:00,1,6,0.0016583884755279785
222,223,IVV,2020-11-18,2020-11-24 00:00:00,1,5,0.0019900661706336183
223,224,IVV,2020-11-19,,0,3,0.0
224,225,IVV,2020-11-20,,0,3,0.0
225,226,IVV,2020-11-23,,0,3,0.0
226,227,IVV,2020-11-24,,0,4,0.0
227,228,IVV,2020-11-25,2020-12-01 00:00:00,1,5,0.0019900661706336183
228,229,IVV,2020-11-27,,0,3,0.0
229,230,IVV,2020-11-30,2020-12-01 00:00:00,1,2,0.004975165426584046
230,231,IVV,2020-12-01,,0,3,0.0
231,232,IVV,2020-12-02,,0,3,0.0
232,233,IVV,2020-12-03,,0,3,0.0
233,234,IVV,2020-12-04,,0,3,0.0
234,235,IVV,2020-12-07,2020-12-16 00:00:00,-1,8,0.0008204754293928246
235,236,IVV,2020-12-08,2020-12-16 00:00:00,1,7,0.0014214758361668703
236,237,IVV,2020-12-09,2020-12-16 00:00:00,-1,6,0.0009443663913813308
237,238,IVV,2020-12-10,2020-12-15 00:00:00,1,4,0.002487582713291968
238,239,IVV,2020-12-11,2020-12-15 00:00:00,1,3,0.003316776951056031
239,240,IVV,2020-12-14,,0,3,0.0
240,241,IVV,2020-12-15,,0,3,0.0
241,242,IVV,2020-12-16,,0,3,0.0
242,243,IVV,2020-12-17,2020-12-23 00:00:00,1,5,0.0019900661706336183
243,244,IVV,2020-12-18,2020-12-28 00:00:00,1,7,0.0014214758361668703
244,245,IVV,2020-12-21,2020-12-23 00:00:00,1,3,0.003316776951056031
245,246,IVV,2020-12-22,,0,3,0.0
246,247,IVV,2020-12-23,,0,4,0.0
247,248,IVV,2020-12-24,,0,4,0.0
248,249,IVV,2020-12-28,,0,3,0.0
249,250,IVV,2020-12-29,,0,3,0.0
250,251,IVV,2020-12-30,2021-01-05 00:00:00,1,5,0.0019900661706336183
251,252,IVV,2020-12-31,2021-01-05 00:00:00,1,4,0.002487582713292023
252,253,IVV,2021-01-04,2021-01-06 00:00:00,1,3,0.003316776951056031
253,254,IVV,2021-01-05,,0,3,0.0
254,255,IVV,2021-01-06,,0,3,0.0
255,256,IVV,2021-01-07,,0,3,0.0
256,257,IVV,2021-01-08,,0,3,0.0
257,258,IVV,2021-01-11,2021-01-20 00:00:00,1,8,0.0012437913566460115
258,259,IVV,2021-01-12,,0,3,0.0
259,260,IVV,2021-01-13,2021-01-19 00:00:00,1,5,0.0019900661706336183
260,261,IVV,2021-01-14,2021-01-20 00:00:00,1,5,0.0019900661706335745
261,262,IVV,2021-01-15,2021-01-19 00:00:00,1,3,0.003316776951056031
262,263,IVV,2021-01-19,,0,3,0.0
263,264,IVV,2021-01-20,,0,3,0.0
264,265,IVV,2021-01-21,2021-01-25 00:00:00,1,3,0.003316776951056031
265,266,IVV,2021-01-22,2021-01-25 00:00:00,1,2,0.004975165426584046
266,267,IVV,2021-01-25,2021-01-25 00:00:00,1,1,0.009950330853168092
267,268,IVV,2021-01-26,2021-02-03 00:00:00,-1,7,0.00047790840362010097
268,269,IVV,2021-01-27,2021-02-03 00:00:00,-1,6,0.0008020799773294598
269,270,IVV,2021-01-28,2021-02-01 00:00:00,1,3,0.003316776951056031
270,271,IVV,2021-01-29,2021-02-02 00:00:00,1,3,0.003316776951056031
271,272,IVV,2021-02-01,,0,3,0.0
272,273,IVV,2021-02-02,,0,3,0.0
273,274,IVV,2021-02-03,,0,3,0.0
274,275,IVV,2021-02-04,,0,3,0.0
275,276,IVV,2021-02-05,,0,3,0.0
276,277,IVV,2021-02-08,,0,3,0.0
277,278,IVV,2021-02-09,2021-02-10 00:00:00,1,2,0.004975165426584046
278,279,IVV,2021-02-10,,0,3,0.0
279,280,IVV,2021-02-11,,0,4,0.0
280,281,IVV,2021-02-12,,0,4,0.0
281,282,IVV,2021-02-16,2021-02-25 00:00:00,-1,8,-0.00208655784075175
282,283,IVV,2021-02-17,2021-02-19 00:00:00,1,3,0.003316776951056031
283,284,IVV,2021-02-18,2021-02-25 00:00:00,-1,6,-0.002670997335974095
284,285,IVV,2021-02-19,2021-02-24 00:00:00,1,4,0.002487582713292023
285,286,IVV,2021-02-22,2021-02-24 00:00:00,1,3,0.003316776951056031
286,287,IVV,2021-02-23,2021-02-23 00:00:00,1,1,0.009950330853168092
287,288,IVV,2021-02-24,2021-03-01 00:00:00,1,4,0.002487582713292023
288,289,IVV,2021-02-25,2021-03-04 00:00:00,-1,6,-0.004856694689720863
289,290,IVV,2021-02-26,2021-03-01 00:00:00,1,2,0.004975165426584046
290,291,IVV,2021-03-01,,0,3,0.0
291,292,IVV,2021-03-02,2021-03-09 00:00:00,1,6,0.0016583884755280154
292,293,IVV,2021-03-03,2021-03-08 00:00:00,1,4,0.002487582713292023
293,294,IVV,2021-03-04,2021-03-05 00:00:00,1,2,0.004975165426584046
294,295,IVV,2021-03-05,2021-03-05 00:00:00,1,1,0.009950330853168092
295,296,IVV,2021-03-08,,0,3,0.0
296,297,IVV,2021-03-09,,0,3,0.0
297,298,IVV,2021-03-10,,0,3,0.0
298,299,IVV,2021-03-11,,0,3,0.0
299,300,IVV,2021-03-12,,0,3,0.0
300,301,IVV,2021-03-15,,0,3,0.0
301,302,IVV,2021-03-16,2021-03-25 00:00:00,-1,8,-0.0009265787826072882
302,303,IVV,2021-03-17,2021-03-25 00:00:00,-1,7,-0.0008594031963095864
303,304,IVV,2021-03-18,2021-03-25 00:00:00,-1,6,-0.0015439278389027195
304,305,IVV,2021-03-19,,0,3,0.0
305,306,IVV,2021-03-22,,0,3,0.0
306,307,IVV,2021-03-23,2021-03-26 00:00:00,1,4,0.002487582713292023
307,308,IVV,2021-03-24,2021-03-26 00:00:00,1,3,0.003316776951056031
308,309,IVV,2021-03-25,2021-03-25 00:00:00,1,1,0.009950330853168092
309,310,IVV,2021-03-26,,0,3,0.0
310,311,IVV,2021-03-29,,0,3,0.0
311,312,IVV,2021-03-30,,0,3,0.0
312,313,IVV,2021-03-31,,0,4,0.0
313,314,IVV,2021-04-01,,0,4,0.0
314,315,IVV,2021-04-05,,0,3,0.0
315,316,IVV,2021-04-06,,0,3,0.0
316,317,IVV,2021-04-07,,0,3,0.0
317,318,IVV,2021-04-08,,0,3,0.0
318,319,IVV,2021-04-09,,0,3,0.0
319,320,IVV,2021-04-12,,0,3,0.0
320,321,IVV,2021-04-13,,0,3,0.0
321,322,IVV,2021-04-14,,0,3,0.0
322,323,IVV,2021-04-15,,0,3,0.0
323,324,IVV,2021-04-16,2021-04-21 00:00:00,1,4,0.002487582713292023
324,325,IVV,2021-04-19,2021-04-23 00:00:00,1,5,0.0019900661706336183
325,326,IVV,2021-04-20,2021-04-21 00:00:00,1,2,0.004975165426584046
326,327,IVV,2021-04-21,,0,3,0.0
327,328,IVV,2021-04-22,2021-04-23 00:00:00,1,2,0.004975165426584046
328,329,IVV,2021-04-23,,0,3,0.0
329,330,IVV,2021-04-26,,0,3,0.0
330,331,IVV,2021-04-27,,0,3,0.0
331,332,IVV,2021-04-28,,0,3,0.0
332,333,IVV,2021-04-29,,0,3,0.0
333,334,IVV,2021-04-30,2021-05-07 00:00:00,1,6,0.0016583884755280154
334,335,IVV,2021-05-03,2021-05-05 00:00:00,1,3,0.003316776951056031
335,336,IVV,2021-05-04,2021-05-06 00:00:00,1,3,0.003316776951056031
336,337,IVV,2021-05-05,,0,3,0.0
337,338,IVV,2021-05-06,,0,3,0.0
338,339,IVV,2021-05-07,2021-05-18 00:00:00,-1,8,-0.0008704330094447449
339,340,IVV,2021-05-10,2021-05-17 00:00:00,-1,6,-0.0009243125229277891
340,341,IVV,2021-05-11,2021-05-18 00:00:00,-1,6,-0.0007358363681861571
341,342,IVV,2021-05-12,2021-05-14 00:00:00,1,3,0.003316776951056031
342,343,IVV,2021-05-13,,0,3,0.0
343,344,IVV,2021-05-14,,0,3,0.0
344,345,IVV,2021-05-17,2021-05-20 00:00:00,1,4,0.002487582713292023
345,346,IVV,2021-05-18,2021-05-20 00:00:00,1,3,0.003316776951056031
346,347,IVV,2021-05-19,2021-05-20 00:00:00,1,2,0.004975165426584046
347,348,IVV,2021-05-20,,0,3,0.0
348,349,IVV,2021-05-21,,0,3,0.0
349,350,IVV,2021-05-24,,0,3,0.0
350,351,IVV,2021-05-25,,0,3,0.0
351,352,IVV,2021-05-26,,0,3,0.0
352,353,IVV,2021-05-27,,0,4,0.0
353,354,IVV,2021-05-28,,0,4,0.0
354,355,IVV,2021-06-01,,0,3,0.0
355,356,IVV,2021-06-02,,0,3,0.0
356,357,IVV,2021-06-03,,0,3,0.0
357,358,IVV,2021-06-04,,0,3,0.0
358,359,IVV,2021-06-07,,0,3,0.0
359,360,IVV,2021-06-08,,0,3,0.0
360,361,IVV,2021-06-09,,0,3,0.0
361,362,IVV,2021-06-10,,0,3,0.0
362,363,IVV,2021-06-11,,0,3,0.0
363,364,IVV,2021-06-14,2021-06-22 00:00:00,1,7,0.0014214758361668703
364,365,IVV,2021-06-15,2021-06-22 00:00:00,1,6,0.0016583884755280154
365,366,IVV,2021-06-16,2021-06-22 00:00:00,1,5,0.0019900661706336183
366,367,IVV,2021-06-17,2021-06-21 00:00:00,1,3,0.003316776951056031
367,368,IVV,2021-06-18,2021-06-21 00:00:00,1,2,0.004975165426584046
368,369,IVV,2021-06-21,,0,3,0.0
369,370,IVV,2021-06-22,,0,3,0.0
370,371,IVV,2021-06-23,,0,3,0.0
371,372,IVV,2021-06-24,,0,3,0.0
372,373,IVV,2021-06-25,,0,3,0.0
373,374,IVV,2021-06-28,,0,3,0.0
374,375,IVV,2021-06-29,,0,3,0.0
375,376,IVV,2021-06-30,,0,3,0.0
376,377,IVV,2021-07-01,,0,4,0.0
377,378,IVV,2021-07-02,,0,4,0.0
378,379,IVV,2021-07-06,2021-07-09 00:00:00,1,4,0.002487582713292023
379,380,IVV,2021-07-07,2021-07-09 00:00:00,1,3,0.003316776951056031
380,381,IVV,2021-07-08,2021-07-09 00:00:00,1,2,0.004975165426584046
381,382,IVV,2021-07-09,,0,3,0.0
382,383,IVV,2021-07-12,,0,3,0.0
383,384,IVV,2021-07-13,2021-07-22 00:00:00,-1,8,0.0008055389136257509
384,385,IVV,2021-07-14,2021-07-22 00:00:00,1,7,0.0014214758361668703
385,386,IVV,2021-07-15,2021-07-23 00:00:00,1,7,0.0014214758361668703
386,387,IVV,2021-07-16,2021-07-21 00:00:00,1,4,0.002487582713292023
387,388,IVV,2021-07-19,2021-07-20 00:00:00,1,2,0.004975165426584046
388,389,IVV,2021-07-20,,0,3,0.0
389,390,IVV,2021-07-21,,0,3,0.0
390,391,IVV,2021-07-22,,0,3,0.0
391,392,IVV,2021-07-23,,0,3,0.0
392,393,IVV,2021-07-26,,0,3,0.0
393,394,IVV,2021-07-27,2021-07-29 00:00:00,1,3,0.003316776951056031
394,395,IVV,2021-07-28,,0,3,0.0
395,396,IVV,2021-07-29,,0,3,0.0
396,397,IVV,2021-07-30,2021-08-03 00:00:00,1,3,0.003316776951056031
397,398,IVV,2021-08-02,,0,3,0.0
398,399,IVV,2021-08-03,,0,3,0.0
399,400,IVV,2021-08-04,,0,3,0.0
400,401,IVV,2021-08-05,,0,3,0.0
401,402,IVV,2021-08-06,,0,3,0.0
402,403,IVV,2021-08-09,,0,3,0.0
403,404,IVV,2021-08-10,,0,3,0.0
404,405,IVV,2021-08-11,,0,3,0.0
405,406,IVV,2021-08-12,,0,3,0.0
406,407,IVV,2021-08-13,,0,3,0.0
407,408,IVV,2021-08-16,2021-08-23 00:00:00,1,6,0.0016583884755280154
408,409,IVV,2021-08-17,2021-08-23 00:00:00,1,5,0.0019900661706336183
409,410,IVV,2021-08-18,2021-08-23 00:00:00,1,4,0.002487582713292023
410,411,IVV,2021-08-19,,0,3,0.0
411,412,IVV,2021-08-20,,0,3,0.0
412,413,IVV,2021-08-23,,0,3,0.0
413,414,IVV,2021-08-24,,0,3,0.0
414,415,IVV,2021-08-25,,0,3,0.0
415,416,IVV,2021-08-26,,0,3,0.0
416,417,IVV,2021-08-27,,0,3,0.0
417,418,IVV,2021-08-30,,0,3,0.0
418,419,IVV,2021-08-31,,0,3,0.0
419,420,IVV,2021-09-01,,0,3,0.0
420,421,IVV,2021-09-02,,0,4,0.0
421,422,IVV,2021-09-03,,0,4,0.0
422,423,IVV,2021-09-07,,0,3,0.0
423,424,IVV,2021-09-08,2021-09-17 00:00:00,-1,8,-0.0012111440816255867
424,425,IVV,2021-09-09,2021-09-17 00:00:00,-1,7,-0.0011963475969260786
425,426,IVV,2021-09-10,2021-09-20 00:00:00,-1,7,-0.0029875480542924907
426,427,IVV,2021-09-13,,0,3,0.0
427,428,IVV,2021-09-14,,0,3,0.0
428,429,IVV,2021-09-15,,0,3,0.0
429,430,IVV,2021-09-16,2021-09-24 00:00:00,-1,7,0.00010900965264323552
430,431,IVV,2021-09-17,2021-09-24 00:00:00,-1,6,0.00043804992026216994
431,432,IVV,2021-09-20,2021-09-23 00:00:00,1,4,0.002487582713292023
432,433,IVV,2021-09-21,,0,3,0.0
433,434,IVV,2021-09-22,,0,3,0.0
434,435,IVV,2021-09-23,,0,3,0.0
435,436,IVV,2021-09-24,2021-10-05 00:00:00,-1,8,-0.002084070580778363
436,437,IVV,2021-09-27,2021-10-05 00:00:00,-1,7,-0.0021133484796975114
437,438,IVV,2021-09-28,2021-10-05 00:00:00,-1,6,-0.001943545517936602
438,439,IVV,2021-09-29,2021-10-01 00:00:00,1,3,0.003316776951056031
439,440,IVV,2021-09-30,2021-10-01 00:00:00,1,2,0.004975165426584046
440,441,IVV,2021-10-01,,0,3,0.0
441,442,IVV,2021-10-04,2021-10-05 00:00:00,1,2,0.004975165426584046
442,443,IVV,2021-10-05,,0,3,0.0
443,444,IVV,2021-10-06,2021-10-06 00:00:00,1,1,0.009950330853168092
444,445,IVV,2021-10-07,,0,3,0.0
445,446,IVV,2021-10-08,2021-10-14 00:00:00,1,5,0.0019900661706336183
446,447,IVV,2021-10-11,2021-10-14 00:00:00,1,4,0.002487582713292023
447,448,IVV,2021-10-12,,0,3,0.0
448,449,IVV,2021-10-13,,0,3,0.0
449,450,IVV,2021-10-14,,0,3,0.0
450,451,IVV,2021-10-15,,0,3,0.0
451,452,IVV,2021-10-18,,0,3,0.0
452,453,IVV,2021-10-19,,0,3,0.0
453,454,IVV,2021-10-20,,0,3,0.0
454,455,IVV,2021-10-21,,0,3,0.0
455,456,IVV,2021-10-22,,0,3,0.0
456,457,IVV,2021-10-25,,0,3,0.0
457,458,IVV,2021-10-26,,0,3,0.0
458,459,IVV,2021-10-27,,0,3,0.0
459,460,IVV,2021-10-28,,0,3,0.0
460,461,IVV,2021-10-29,,0,3,0.0
461,462,IVV,2021-11-01,,0,3,0.0
462,463,IVV,2021-11-02,,0,3,0.0
463,464,IVV,2021-11-03,,0,3,0.0
464,465,IVV,2021-11-04,,0,3,0.0
465,466,IVV,2021-11-05,,0,3,0.0
466,467,IVV,2021-11-08,2021-11-15 00:00:00,1,6,0.0016583884755280154
467,468,IVV,2021-11-09,2021-11-16 00:00:00,1,6,0.0016583884755280154
468,469,IVV,2021-11-10,2021-11-12 00:00:00,1,3,0.003316776951056031
469,470,IVV,2021-11-11,,0,3,0.0
470,471,IVV,2021-11-12,,0,3,0.0
471,472,IVV,2021-11-15,,0,3,0.0
472,473,IVV,2021-11-16,,0,3,0.0
473,474,IVV,2021-11-17,,0,3,0.0
474,475,IVV,2021-11-18,,0,3,0.0
475,476,IVV,2021-11-19,2021-12-01 00:00:00,-1,9,-0.0035252532561342873
476,477,IVV,2021-11-22,,0,3,0.0
477,478,IVV,2021-11-23,2021-12-03 00:00:00,-1,9,-0.002314445528133838
478,479,IVV,2021-11-24,2021-12-03 00:00:00,-1,8,-0.0027757794589291906
479,480,IVV,2021-11-26,2021-12-03 00:00:00,-1,6,-0.004133833114996681
480,481,IVV,2021-11-29,2021-12-02 00:00:00,1,4,0.002487582713292023
481,482,IVV,2021-11-30,2021-12-01 00:00:00,1,2,0.004975165426584046
482,483,IVV,2021-12-01,2021-12-02 00:00:00,1,2,0.004975165426584046
483,484,IVV,2021-12-02,,0,3,0.0
484,485,IVV,2021-12-03,2021-12-06 00:00:00,1,2,0.004975165426584046
485,486,IVV,2021-12-06,,0,3,0.0
486,487,IVV,2021-12-07,,0,3,0.0
487,488,IVV,2021-12-08,,0,3,0.0
488,489,IVV,2021-12-09,2021-12-16 00:00:00,1,6,0.0016583884755280154
489,490,IVV,2021-12-10,2021-12-15 00:00:00,1,4,0.002487582713292023
490,491,IVV,2021-12-13,2021-12-16 00:00:00,1,4,0.002487582713292023
491,492,IVV,2021-12-14,2021-12-15 00:00:00,1,2,0.004975165426584046
492,493,IVV,2021-12-15,,0,3,0.0
493,494,IVV,2021-12-16,2021-12-23 00:00:00,1,6,0.0016583884755280154
494,495,IVV,2021-12-17,2021-12-22 00:00:00,1,4,0.002487582713292023
495,496,IVV,2021-12-20,2021-12-21 00:00:00,1,2,0.004975165426584046
496,497,IVV,2021-12-21,,0,3,0.0
497,498,IVV,2021-12-22,,0,4,0.0
498,499,IVV,2021-12-23,,0,4,0.0
499,500,IVV,2021-12-27,,0,3,0.0
500,501,IVV,2021-12-28,,0,3,0.0
501,502,IVV,2021-12-29,,0,3,0.0
502,503,IVV,2021-12-30,,0,3,0.0
503,504,IVV,2021-12-31,,0,3,0.0
504,505,IVV,2022-01-03,2022-01-12 00:00:00,-1,8,0.0002274410867623196
505,506,IVV,2022-01-04,2022-01-12 00:00:00,-1,7,-0.0005906433760762259
506,507,IVV,2022-01-05,2022-01-12 00:00:00,-1,6,-0.0006329388593408106
507,508,IVV,2022-01-06,2022-01-11 00:00:00,1,4,0.002487582713292023
508,509,IVV,2022-01-07,2022-01-11 00:00:00,1,3,0.003316776951056031
509,510,IVV,2022-01-10,2022-01-11 00:00:00,1,2,0.004975165426584046
510,511,IVV,2022-01-11,,0,3,0.0
511,512,IVV,2022-01-12,2022-01-21 00:00:00,-1,8,-0.007479438079633159
512,513,IVV,2022-01-13,2022-01-21 00:00:00,-1,7,-0.00892665833162521
513,514,IVV,2022-01-14,2022-01-14 00:00:00,1,1,0.009950330853168092
514,515,IVV,2022-01-18,2022-01-25 00:00:00,-1,6,-0.009514521246251446
515,516,IVV,2022-01-19,2022-01-20 00:00:00,1,2,0.004975165426584046
516,517,IVV,2022-01-20,2022-01-27 00:00:00,-1,6,-0.006067595118411702
517,518,IVV,2022-01-21,2022-01-28 00:00:00,-1,6,-0.00018018425593352902
518,519,IVV,2022-01-24,2022-01-24 00:00:00,1,1,0.009950330853168092
519,520,IVV,2022-01-25,2022-01-26 00:00:00,1,2,0.004975165426584046
520,521,IVV,2022-01-26,2022-01-27 00:00:00,1,2,0.004975165426584046
521,522,IVV,2022-01-27,2022-01-28 00:00:00,1,2,0.004975165426584046
522,523,IVV,2022-01-28,,0,3,0.0
523,524,IVV,2022-01-31,,0,3,0.0
524,525,IVV,2022-02-01,,0,3,0.0
525,526,IVV,2022-02-02,2022-02-09 00:00:00,1,6,0.0016583884755280154
526,527,IVV,2022-02-03,2022-02-09 00:00:00,1,5,0.0019900661706336183
527,528,IVV,2022-02-04,,0,3,0.0
528,529,IVV,2022-02-07,,0,3,0.0
529,530,IVV,2022-02-08,,0,3,0.0
530,531,IVV,2022-02-09,2022-02-18 00:00:00,-1,8,-0.0034546954375633933
531,532,IVV,2022-02-10,2022-02-17 00:00:00,-1,6,-0.00589173950138109
532,533,IVV,2022-02-11,2022-02-18 00:00:00,-1,6,-0.004077490608930632
533,534,IVV,2022-02-14,2022-02-15 00:00:00,1,2,0.004975165426584046
534,535,IVV,2022-02-15,,0,3,0.0
535,536,IVV,2022-02-16,2022-02-25 00:00:00,-1,8,-0.001106865792257981
536,537,IVV,2022-02-17,2022-02-25 00:00:00,-1,7,-0.00142594803419319
537,538,IVV,2022-02-18,2022-02-25 00:00:00,1,6,0.0016583884755280154
538,539,IVV,2022-02-22,2022-02-25 00:00:00,1,4,0.002487582713292023
539,540,IVV,2022-02-23,2022-02-25 00:00:00,1,3,0.003316776951056031
540,541,IVV,2022-02-24,2022-02-24 00:00:00,1,1,0.009950330853168092
541,542,IVV,2022-02-25,,0,3,0.0
542,543,IVV,2022-02-28,2022-03-02 00:00:00,1,3,0.003316776951056031
543,544,IVV,2022-03-01,2022-03-02 00:00:00,1,2,0.004975165426584046
544,545,IVV,2022-03-02,,0,3,0.0
545,546,IVV,2022-03-03,2022-03-11 00:00:00,-1,7,-0.004462305480390388
546,547,IVV,2022-03-04,2022-03-11 00:00:00,-1,6,-0.004404066123366958
547,548,IVV,2022-03-07,2022-03-14 00:00:00,-1,6,-0.004239431173857381
548,549,IVV,2022-03-08,2022-03-09 00:00:00,1,2,0.004975165426584046
549,550,IVV,2022-03-09,,0,3,0.0
550,551,IVV,2022-03-10,2022-03-11 00:00:00,1,2,0.004975165426584046
551,552,IVV,2022-03-11,2022-03-15 00:00:00,1,3,0.003316776951056031
552,553,IVV,2022-03-14,2022-03-15 00:00:00,1,2,0.004975165426584046
553,554,IVV,2022-03-15,,0,3,0.0
554,555,IVV,2022-03-16,,0,3,0.0
555,556,IVV,2022-03-17,,0,3,0.0
556,557,IVV,2022-03-18,,0,3,0.0
557,558,IVV,2022-03-21,,0,3,0.0
558,559,IVV,2022-03-22,,0,3,0.0
559,560,IVV,2022-03-23,2022-03-25 00:00:00,1,3,0.003316776951056031
560,561,IVV,2022-03-24,,0,3,0.0
561,562,IVV,2022-03-25,,0,3,0.0
562,563,IVV,2022-03-28,,0,3,0.0
563,564,IVV,2022-03-29,,0,3,0.0
564,565,IVV,2022-03-30,2022-04-06 00:00:00,-1,6,-0.003871530449264698
565,566,IVV,2022-03-31,2022-04-07 00:00:00,-1,6,-0.0020105585516552583
566,567,IVV,2022-04-01,,0,3,0.0
567,568,IVV,2022-04-04,2022-04-13 00:00:00,-1,8,-0.0014071443155793198
568,569,IVV,2022-04-05,2022-04-12 00:00:00,-1,6,-0.0052785482236649105
569,570,IVV,2022-04-06,2022-04-13 00:00:00,-1,6,-0.0011788102919174889
570,571,IVV,2022-04-07,2022-04-19 00:00:00,-1,9,0.000735780049974905
571,572,IVV,2022-04-08,2022-04-19 00:00:00,-1,8,0.00021272789405764501
572,573,IVV,2022-04-11,2022-04-19 00:00:00,-1,7,0.0006246216181471865
573,574,IVV,2022-04-12,,0,3,0.0
574,575,IVV,2022-04-13,,0,4,0.0
575,576,IVV,2022-04-14,2022-04-19 00:00:00,1,4,0.002487582713292023
576,577,IVV,2022-04-18,,0,3,0.0
577,578,IVV,2022-04-19,,0,3,0.0
578,579,IVV,2022-04-20,2022-04-28 00:00:00,-1,7,-0.004196731389337926
579,580,IVV,2022-04-21,2022-04-28 00:00:00,-1,6,-0.004745455943712726
580,581,IVV,2022-04-22,2022-04-29 00:00:00,-1,6,-0.008688062428221665
581,582,IVV,2022-04-25,2022-04-25 00:00:00,1,1,0.009950330853168092
582,583,IVV,2022-04-26,2022-04-28 00:00:00,1,3,0.003316776951056031
583,584,IVV,2022-04-27,2022-05-03 00:00:00,1,5,0.0019900661706336183
584,585,IVV,2022-04-28,2022-05-03 00:00:00,1,4,0.002487582713292023
585,586,IVV,2022-04-29,2022-05-04 00:00:00,1,4,0.002487582713292023
586,587,IVV,2022-05-02,2022-05-02 00:00:00,1,1,0.009950330853168092
587,588,IVV,2022-05-03,2022-05-06 00:00:00,1,4,0.002487582713292023
588,589,IVV,2022-05-04,2022-05-12 00:00:00,-1,7,-0.0071321354211638655
589,590,IVV,2022-05-05,2022-05-12 00:00:00,-1,6,-0.013263277894350672
590,591,IVV,2022-05-06,2022-05-13 00:00:00,-1,6,-0.0032282434554150186
591,592,IVV,2022-05-09,2022-05-16 00:00:00,-1,6,-0.0030300501137965857
592,593,IVV,2022-05-10,2022-05-13 00:00:00,1,4,0.002487582713292023
593,594,IVV,2022-05-11,2022-05-13 00:00:00,1,3,0.003316776951056031
594,595,IVV,2022-05-12,2022-05-13 00:00:00,1,2,0.004975165426584046
595,596,IVV,2022-05-13,,0,3,0.0
596,597,IVV,2022-05-16,2022-05-17 00:00:00,1,2,0.004975165426584046
597,598,IVV,2022-05-17,2022-05-25 00:00:00,-1,7,0.0005592828255642643
598,599,IVV,2022-05-18,2022-05-25 00:00:00,-1,6,-0.002765490641423457
599,600,IVV,2022-05-19,2022-05-20 00:00:00,1,2,0.004975165426584046
600,601,IVV,2022-05-20,2022-05-20 00:00:00,1,1,0.009950330853168092
601,602,IVV,2022-05-23,,0,3,0.0
602,603,IVV,2022-05-24,2022-05-25 00:00:00,1,2,0.004975165426584046
603,604,IVV,2022-05-25,,0,3,0.0
604,605,IVV,2022-05-26,,0,4,0.0
605,606,IVV,2022-05-27,,0,4,0.0
606,607,IVV,2022-05-31,2022-06-01 00:00:00,1,2,0.004975165426584046
607,608,IVV,2022-06-01,2022-06-02 00:00:00,1,2,0.004975165426584046
608,609,IVV,2022-06-02,,0,3,0.0
609,610,IVV,2022-06-03,2022-06-10 00:00:00,-1,6,-0.010327860631950571
610,611,IVV,2022-06-06,,0,3,0.0
611,612,IVV,2022-06-07,2022-06-07 00:00:00,1,1,0.009950330853168092
612,613,IVV,2022-06-08,2022-06-15 00:00:00,-1,6,-0.014233389381557713
613,614,IVV,2022-06-09,2022-06-16 00:00:00,-1,6,-0.01798598345048406
614,615,IVV,2022-06-10,2022-06-17 00:00:00,-1,6,-0.01320300458405164
615,616,IVV,2022-06-13,2022-06-21 00:00:00,-1,7,-0.0034516192344128905
616,617,IVV,2022-06-14,2022-06-15 00:00:00,1,2,0.004975165426584046
617,618,IVV,2022-06-15,2022-06-21 00:00:00,1,5,0.0019900661706336183
618,619,IVV,2022-06-16,2022-06-22 00:00:00,1,5,0.0019900661706336183
619,620,IVV,2022-06-17,,0,4,0.0
620,621,IVV,2022-06-21,,0,3,0.0
621,622,IVV,2022-06-22,2022-06-23 00:00:00,1,2,0.004975165426584046
622,623,IVV,2022-06-23,,0,3,0.0
623,624,IVV,2022-06-24,,0,3,0.0
624,625,IVV,2022-06-27,2022-07-06 00:00:00,-1,8,-0.0009051451570699482
625,626,IVV,2022-06-28,2022-07-06 00:00:00,-1,7,-0.0005144676291994884
626,627,IVV,2022-06-29,2022-07-01 00:00:00,1,3,0.003316776951056031
627,628,IVV,2022-06-30,2022-07-01 00:00:00,1,2,0.004975165426584046
628,629,IVV,2022-07-01,2022-07-05 00:00:00,1,3,0.003316776951056031
629,630,IVV,2022-07-05,2022-07-05 00:00:00,1,1,0.009950330853168092
630,631,IVV,2022-07-06,,0,3,0.0
631,632,IVV,2022-07-07,,0,3,0.0
632,633,IVV,2022-07-08,2022-07-18 00:00:00,1,7,0.0014214758361668703
633,634,IVV,2022-07-11,2022-07-18 00:00:00,1,6,0.0016583884755280154
634,635,IVV,2022-07-12,2022-07-15 00:00:00,1,4,0.002487582713292023
635,636,IVV,2022-07-13,2022-07-15 00:00:00,1,3,0.003316776951056031
636,637,IVV,2022-07-14,2022-07-15 00:00:00,1,2,0.004975165426584046
637,638,IVV,2022-07-15,,0,3,0.0
638,639,IVV,2022-07-18,2022-07-19 00:00:00,1,2,0.004975165426584046
639,640,IVV,2022-07-19,,0,3,0.0
640,641,IVV,2022-07-20,,0,3,0.0
641,642,IVV,2022-07-21,,0,3,0.0
642,643,IVV,2022-07-22,2022-07-27 00:00:00,1,4,0.002487582713292023
643,644,IVV,2022-07-25,2022-07-27 00:00:00,1,3,0.003316776951056031
644,645,IVV,2022-07-26,2022-07-27 00:00:00,1,2,0.004975165426584046
645,646,IVV,2022-07-27,,0,3,0.0
646,647,IVV,2022-07-28,,0,3,0.0
647,648,IVV,2022-07-29,,0,3,0.0
648,649,IVV,2022-08-01,2022-08-03 00:00:00,1,3,0.003316776951056031
649,650,IVV,2022-08-02,,0,3,0.0
650,651,IVV,2022-08-03,,0,3,0.0
651,652,IVV,2022-08-04,2022-08-08 00:00:00,1,3,0.003316776951056031
652,653,IVV,2022-08-05,2022-08-08 00:00:00,1,2,0.004975165426584046
653,654,IVV,2022-08-08,,0,3,0.0
654,655,IVV,2022-08-09,,0,3,0.0
655,656,IVV,2022-08-10,,0,3,0.0
656,657,IVV,2022-08-11,,0,3,0.0
657,658,IVV,2022-08-12,,0,3,0.0
658,659,IVV,2022-08-15,,0,3,0.0
659,660,IVV,2022-08-16,2022-08-24 00:00:00,-1,7,-0.0037298977997387434
660,661,IVV,2022-08-17,2022-08-24 00:00:00,-1,6,-0.004698708832514096
661,662,IVV,2022-08-18,2022-08-26 00:00:00,-1,7,-0.005915870879617353
662,663,IVV,2022-08-19,2022-08-26 00:00:00,-1,6,-0.007391901658119526
663,664,IVV,2022-08-22,2022-08-29 00:00:00,-1,6,-0.0061788598092403875
664,665,IVV,2022-08-23,,0,3,0.0
665,666,IVV,2022-08-24,2022-09-02 00:00:00,-1,8,-0.005005826286339919
666,667,IVV,2022-08-25,2022-09-02 00:00:00,-1,7,-0.006165820104277109
667,668,IVV,2022-08-26,2022-09-02 00:00:00,-1,6,-0.00952522810407671
668,669,IVV,2022-08-29,2022-09-07 00:00:00,-1,8,-0.0010553840261636777
669,670,IVV,2022-08-30,2022-09-07 00:00:00,-1,7,-0.00034260035691444557
670,671,IVV,2022-08-31,2022-09-02 00:00:00,1,3,0.003316776951056031
671,672,IVV,2022-09-01,2022-09-01 00:00:00,1,1,0.009950330853168312
672,673,IVV,2022-09-02,2022-09-07 00:00:00,1,4,0.002487582713292023
673,674,IVV,2022-09-06,,0,3,0.0
674,675,IVV,2022-09-07,,0,3,0.0
675,676,IVV,2022-09-08,,0,3,0.0
676,677,IVV,2022-09-09,2022-09-20 00:00:00,-1,8,-0.0034360302461499885
677,678,IVV,2022-09-12,2022-09-20 00:00:00,-1,7,-0.00618635139785295
678,679,IVV,2022-09-13,2022-09-20 00:00:00,-1,6,-0.00900758173450275
679,680,IVV,2022-09-14,2022-09-22 00:00:00,-1,7,-0.0050170888761458515
680,681,IVV,2022-09-15,2022-09-22 00:00:00,-1,6,-0.006486879582598433
681,682,IVV,2022-09-16,2022-09-19 00:00:00,1,2,0.004975165426584046
682,683,IVV,2022-09-19,2022-09-21 00:00:00,1,3,0.003316776951056031
683,684,IVV,2022-09-20,2022-09-21 00:00:00,1,2,0.004975165426584046
684,685,IVV,2022-09-21,2022-09-28 00:00:00,-1,6,-0.005126166098490943
685,686,IVV,2022-09-22,2022-09-29 00:00:00,-1,6,-0.0057234282301055865
686,687,IVV,2022-09-23,2022-09-30 00:00:00,-1,6,-0.006944690695332704
687,688,IVV,2022-09-26,2022-09-27 00:00:00,1,2,0.004975165426584046
688,689,IVV,2022-09-27,2022-09-30 00:00:00,1,4,0.002487582713292078
689,690,IVV,2022-09-28,2022-09-30 00:00:00,1,3,0.003316776951056104
690,691,IVV,2022-09-29,2022-10-04 00:00:00,1,4,0.002487582713292023
691,692,IVV,2022-09-30,2022-10-03 00:00:00,1,2,0.004975165426584046
692,693,IVV,2022-10-03,,0,3,0.0
693,694,IVV,2022-10-04,,0,3,0.0
694,695,IVV,2022-10-05,2022-10-06 00:00:00,1,2,0.004975165426584046
695,696,IVV,2022-10-06,2022-10-13 00:00:00,-1,6,-0.0032425395798153164
696,697,IVV,2022-10-07,2022-10-14 00:00:00,-1,6,-0.005451644737317782
697,698,IVV,2022-10-10,2022-10-11 00:00:00,1,2,0.004975165426584046
698,699,IVV,2022-10-11,2022-10-13 00:00:00,1,3,0.003316776951056031
699,700,IVV,2022-10-12,2022-10-13 00:00:00,1,2,0.004975165426584046
700,701,IVV,2022-10-13,2022-10-13 00:00:00,1,1,0.009950330853168092
701,702,IVV,2022-10-14,2022-10-17 00:00:00,1,2,0.004975165426584046
702,703,IVV,2022-10-17,,0,3,0.0
703,704,IVV,2022-10-18,,0,3,0.0
704,705,IVV,2022-10-19,2022-10-20 00:00:00,1,2,0.004975165426584046
705,706,IVV,2022-10-20,2022-10-21 00:00:00,1,2,0.004975165426584156
706,707,IVV,2022-10-21,,0,3,0.0
707,708,IVV,2022-10-24,,0,3,0.0
708,709,IVV,2022-10-25,,0,3,0.0
709,710,IVV,2022-10-26,2022-10-28 00:00:00,1,3,0.003316776951055957
710,711,IVV,2022-10-27,,0,3,0.0
711,712,IVV,2022-10-28,,0,3,0.0
712,713,IVV,2022-10-31,2022-11-08 00:00:00,-1,7,-0.0011202793548946532
713,714,IVV,2022-11-01,2022-11-09 00:00:00,-1,7,-0.003061556574493771
714,715,IVV,2022-11-02,2022-11-08 00:00:00,1,5,0.0019900661706336183
715,716,IVV,2022-11-03,2022-11-04 00:00:00,1,2,0.004975165426584046
716,717,IVV,2022-11-04,,0,3,0.0
717,718,IVV,2022-11-07,,0,3,0.0
718,719,IVV,2022-11-08,2022-11-10 00:00:00,1,3,0.003316776951056031
719,720,IVV,2022-11-09,2022-11-10 00:00:00,1,2,0.004975165426584046
720,721,IVV,2022-11-10,,0,3,0.0
721,722,IVV,2022-11-11,,0,3,0.0
722,723,IVV,2022-11-14,,0,3,0.0
723,724,IVV,2022-11-15,2022-11-18 00:00:00,1,4,0.002487582713292023
724,725,IVV,2022-11-16,2022-11-22 00:00:00,1,5,0.0019900661706336183
725,726,IVV,2022-11-17,2022-11-18 00:00:00,1,2,0.004975165426584046
726,727,IVV,2022-11-18,,0,3,0.0
727,728,IVV,2022-11-21,,0,3,0.0
728,729,IVV,2022-11-22,,0,4,0.0
729,730,IVV,2022-11-23,2022-11-30 00:00:00,1,6,0.0016583884755280154
730,731,IVV,2022-11-25,2022-11-30 00:00:00,1,4,0.002487582713292023
731,732,IVV,2022-11-28,2022-11-30 00:00:00,1,3,0.003316776951056031
732,733,IVV,2022-11-29,,0,3,0.0
733,734,IVV,2022-11-30,,0,3,0.0
734,735,IVV,2022-12-01,2022-12-09 00:00:00,-1,7,-0.00364910372998066
735,736,IVV,2022-12-02,2022-12-09 00:00:00,-1,6,-0.004187353874245355
736,737,IVV,2022-12-05,2022-12-12 00:00:00,-1,6,-0.001684958731356977
737,738,IVV,2022-12-06,2022-12-13 00:00:00,1,6,0.0016583884755280154
738,739,IVV,2022-12-07,,0,3,0.0
739,740,IVV,2022-12-08,,0,3,0.0
740,741,IVV,2022-12-09,,0,3,0.0
741,742,IVV,2022-12-12,,0,3,0.0
742,743,IVV,2022-12-13,2022-12-21 00:00:00,-1,7,-0.00315441503915301
743,744,IVV,2022-12-14,2022-12-21 00:00:00,-1,6,-0.004288477650716268
744,745,IVV,2022-12-15,2022-12-22 00:00:00,-1,6,-0.005568923790400762
745,746,IVV,2022-12-16,2022-12-23 00:00:00,-1,6,-0.0005235447825039928
746,747,IVV,2022-12-19,2022-12-21 00:00:00,1,3,0.003316776951056031
747,748,IVV,2022-12-20,2022-12-22 00:00:00,1,3,0.003316776951056031
748,749,IVV,2022-12-21,2022-12-22 00:00:00,1,2,0.004975165426584046
749,750,IVV,2022-12-22,2022-12-30 00:00:00,-1,7,7.810364548045211e-05
750,751,IVV,2022-12-23,2022-12-29 00:00:00,1,5,0.0019900661706336183
751,752,IVV,2022-12-27,2022-12-29 00:00:00,1,3,0.003316776951056031
752,753,IVV,2022-12-28,2022-12-29 00:00:00,1,2,0.004975165426584046
753,754,IVV,2022-12-29,,0,4,0.0
754,755,IVV,2022-12-30,2023-01-03 00:00:00,1,3,0.003316776951056031
755,756,IVV,2023-01-03,2023-01-04 00:00:00,1,2,0.004975165426584046
756,757,IVV,2023-01-04,,0,3,0.0
757,758,IVV,2023-01-05,2023-01-06 00:00:00,1,2,0.004975165426584046
758,759,IVV,2023-01-06,,0,3,0.0
759,760,IVV,2023-01-09,,0,3,0.0
760,761,IVV,2023-01-10,,0,3,0.0
761,762,IVV,2023-01-11,,0,3,0.0
762,763,IVV,2023-01-12,,0,4,0.0
763,764,IVV,2023-01-13,2023-01-23 00:00:00,1,7,0.0014214758361668703
764,765,IVV,2023-01-17,2023-01-23 00:00:00,1,5,0.0019900661706336183
765,766,IVV,2023-01-18,2023-01-23 00:00:00,1,4,0.002487582713292023
766,767,IVV,2023-01-19,2023-01-20 00:00:00,1,2,0.004975165426584046
767,768,IVV,2023-01-20,,0,3,0.0
768,769,IVV,2023-01-23,,0,3,0.0
769,770,IVV,2023-01-24,2023-01-26 00:00:00,1,3,0.003316776951056031
770,771,IVV,2023-01-25,2023-01-25 00:00:00,1,1,0.009950330853168092
771,772,IVV,2023-01-26,,0,3,0.0
772,773,IVV,2023-01-27,2023-01-31 00:00:00,1,3,0.003316776951056031
773,774,IVV,2023-01-30,2023-01-31 00:00:00,1,2,0.004975165426584046
774,775,IVV,2023-01-31,,0,3,0.0
775,776,IVV,2023-02-01,2023-02-01 00:00:00,1,1,0.009950330853167872
776,777,IVV,2023-02-02,,0,3,0.0
777,778,IVV,2023-02-03,2023-02-10 00:00:00,-1,6,-0.0018235002726059975
778,779,IVV,2023-02-06,2023-02-07 00:00:00,1,2,0.004975165426584046
779,780,IVV,2023-02-07,,0,3,0.0
780,781,IVV,2023-02-08,2023-02-15 00:00:00,-1,6,0.0011783728088405729
781,782,IVV,2023-02-09,2023-02-13 00:00:00,1,3,0.003316776951056031
782,783,IVV,2023-02-10,,0,3,0.0
783,784,IVV,2023-02-13,,0,3,0.0
784,785,IVV,2023-02-14,2023-02-15 00:00:00,1,2,0.004975165426584046
785,786,IVV,2023-02-15,2023-02-24 00:00:00,-1,8,-0.0038035388779869574
786,787,IVV,2023-02-16,2023-02-24 00:00:00,-1,7,-0.004802165378688192
787,788,IVV,2023-02-17,2023-02-27 00:00:00,-1,7,-0.0023689494140906177
788,789,IVV,2023-02-21,2023-02-28 00:00:00,-1,6,-0.0029389817862441312
789,790,IVV,2023-02-22,2023-02-27 00:00:00,1,4,0.002487582713292023
790,791,IVV,2023-02-23,2023-02-27 00:00:00,1,3,0.003316776951055957
791,792,IVV,2023-02-24,2023-02-27 00:00:00,1,2,0.004975165426584046
792,793,IVV,2023-02-27,,0,3,0.0
793,794,IVV,2023-02-28,2023-03-02 00:00:00,1,3,0.003316776951056031
794,795,IVV,2023-03-01,,0,3,0.0
795,796,IVV,2023-03-02,,0,3,0.0
796,797,IVV,2023-03-03,,0,3,0.0
797,798,IVV,2023-03-06,2023-03-14 00:00:00,-1,7,-0.003031069678043778
798,799,IVV,2023-03-07,2023-03-14 00:00:00,-1,6,-0.0037227015067292086
799,800,IVV,2023-03-08,2023-03-16 00:00:00,-1,7,0.000633306423517916
800,801,IVV,2023-03-09,2023-03-16 00:00:00,-1,6,0.0004488013013411583
801,802,IVV,2023-03-10,2023-03-14 00:00:00,1,3,0.003316776951056031
802,803,IVV,2023-03-13,2023-03-14 00:00:00,1,2,0.004975165426584046
803,804,IVV,2023-03-14,,0,3,0.0
804,805,IVV,2023-03-15,2023-03-16 00:00:00,1,2,0.004975165426584046
805,806,IVV,2023-03-16,,0,3,0.0
806,807,IVV,2023-03-17,2023-03-21 00:00:00,1,3,0.003316776951056031
807,808,IVV,2023-03-20,,0,3,0.0
